Sample	Polarity	Peak ID	Lipid name	RT (min)	Precursor m/z	Height	Area	Adduct	Formula	Ontology	InChIKey	Annotation tag	m/z matched	MS/MS matched	Simple dot product	Weighted dot product	Reverse dot product	Matched peaks count	Matched peaks percentage	Total score	S/N
VZ0000099_PL_Pos	POS	1294	ACar 10:1; [M]+	0.678	314.23251	2379750	9199430	[M]+	C17H32NO4	ACar	OQWOHRPOYAVIOK-MDZDMXLPNA-O	430	True	True	0.878	0.848	0.932	2.00	1.00	1.912	121.38
VZ0000099_PL_Pos	POS	1360	ACar 10:0; [M]+	0.689	316.24820	5306093	21881908	[M]+	C17H34NO4	ACar	LZOSYCMHQXPBFU-UHFFFAOYNA-O	430	True	True	0.877	0.838	0.934	2.00	1.00	1.911	353.81
VZ0000099_PL_Pos	POS	1449	ACar 12:1; [M]+	0.709	342.26382	3320510	13878897	[M]+	C19H36NO4	ACar	PETYOUXDCHQKTQ-ZHACJKMWNA-O	430	True	True	0.876	0.853	0.935	2.00	1.00	1.914	354.37
VZ0000099_PL_Pos	POS	1539	DAG 18:2; DAG 2:0-16:2; [M+NH4]+	0.720	386.29010	748218	3007092	[M+NH4]+	C21H36O5	DAG	NBCFIDCMAXEOEX-AFJQJTPPNA-N	430	True	True	0.131	0.843	0.245	1.00	0.20	0.942	222.98
VZ0000099_PL_Pos	POS	1588	ACar 13:1; [M]+	0.730	356.27954	849577	4449697	[M]+	C20H38NO4	ACar	UAPXOSVJNDUCJO-CMDGGOBGNA-O	430	True	True	0.374	0.298	0.937	2.00	1.00	1.688	179.81
VZ0000099_PL_Pos	POS	1591	ACar 14:2; [M]+	0.730	368.27942	1564802	6871435	[M]+	C21H38NO4	ACar	PVWHKAOMCLSWPF-BNFZFUHLNA-O	430	True	True	0.813	0.829	0.937	2.00	1.00	1.896	252.71
VZ0000099_PL_Pos	POS	1611	ACar 12:0; [M]+	0.745	344.27948	2718265	11398323	[M]+	C19H38NO4	ACar	FUJLYHJROOYKRA-UHFFFAOYNA-O	430	True	True	0.880	0.840	0.935	2.00	1.00	1.912	171.20
VZ0000099_PL_Pos	POS	1699	ACar 14:1; [M]+	0.776	370.29514	4176005	18834939	[M]+	C21H40NO4	ACar	ABVVZYXTZLEOHP-CMDGGOBGNA-O	430	True	True	0.850	0.839	0.936	2.00	1.00	1.906	266.70
VZ0000099_PL_Pos	POS	1781	LPC 20:5/0:0	0.827	542.32416	5207521	20549976	[M+H]+	C28H48NO7P	LPC	PDIGSOAOQOXRDU-WMPRHZDHNA-N	410	True	True	0.756	0.878	0.952	4.00	2.00	2.544	334.18
VZ0000099_PL_Pos	POS	1849	LPC 14:0/0:0	0.878	468.30817	11634333	51078738	[M+H]+	C22H46NO7P	LPC	VXUOFDJKYGDUJI-UHFFFAOYNA-N	410	True	True	0.773	0.871	0.950	4.00	2.00	2.543	449.53
VZ0000099_PL_Pos	POS	1863	ACar 16:1; [M]+	0.890	398.32648	1509998	6916643	[M]+	C23H44NO4	ACar	NRCCZFJHTDUMBS-SEYXRHQNNA-O	430	True	True	0.889	0.883	0.936	2.00	1.00	1.924	123.34
VZ0000099_PL_Pos	POS	1881	LPC 22:6/0:0	0.901	568.33990	16121753	68573771	[M+H]+	C30H50NO7P	LPC	LSOWKZULVQWMLY-WSDBEMKQNA-N	410	True	True	0.764	0.880	0.954	5.00	2.00	2.546	5135.04
VZ0000099_PL_Pos	POS	1890	LPC 16:1/0:0	0.911	494.32407	44598749	197332048	[M+H]+	C24H48NO7P	LPC	LFUDDCMNKWEORN-KHPPLWFENA-N	410	True	True	0.600	0.789	0.713	3.00	2.00	2.388	7630.61
VZ0000099_PL_Pos	POS	1901	ACar 18:2; [M]+	0.921	424.34219	2247092	9767002	[M]+	C25H46NO4	ACar	HQMPRWWWVKTZAS-HULFFUFUNA-O	430	True	True	0.871	0.903	0.938	2.00	1.00	1.925	366.46
VZ0000099_PL_Pos	POS	1965	LPC 18:2/0:0	0.964	520.33948	528308879	2526091869	[M+H]+	C26H50NO7P	LPC	SPJFYYJXNPEZDW-UTJQPWESNA-N	410	True	True	0.615	0.805	0.713	3.00	2.00	2.394	21945.29
VZ0000099_PL_Pos	POS	2007	LPC 15:0/0:0	0.986	482.32401	7706350	37471242	[M+H]+	C23H48NO7P	LPC	RJZVWDTYEWCUAR-UHFFFAOYNA-N	410	True	True	0.748	0.854	0.952	4.00	2.00	2.536	788.48
VZ0000099_PL_Pos	POS	2014	PE O-20:2	1.010	478.29276	2546884	11793487	[M+H]+	C23H44NO7P	EtherPE	NHWGRQYWBDGEOR-AFJQJTPPNA-N	420	True	True	0.485	0.805	0.757	2.00	1.00	1.743	409.81
VZ0000099_PL_Pos	POS	2025	LPC 17:1/0:0	1.037	508.33984	2015353	10124237	[M+H]+	C25H50NO7P	LPC	LPMGFNAQZPADDZ-QXMHVHEDNA-N	410	True	True	0.755	0.871	0.951	4.00	2.00	2.541	247.94
VZ0000099_PL_Pos	POS	2035	LPC 20:3/0:0	1.047	546.35541	19442840	101070350	[M+H]+	C28H52NO7P	LPC	XUDGAAFUMTTZCO-QNEBEIHSNA-N	410	True	True	0.768	0.878	0.957	5.00	2.00	2.548	4020.33
VZ0000099_PL_Pos	POS	2052	ACar 16:0; [M]+	1.066	400.34201	3440072	15693992	[M]+	C23H46NO4	ACar	XOMRRQXKHMYMOC-UHFFFAOYNA-O	430	True	True	0.900	0.863	0.937	2.00	1.00	1.922	63.15
VZ0000099_PL_Pos	POS	2066	ACar 18:1; [M]+	1.123	426.35773	4736439	23686482	[M]+	C25H48NO4	ACar	HOAMADDCQBUDDY-KHPPLWFENA-O	430	True	True	0.902	0.902	0.938	2.00	1.00	1.931	641.53
VZ0000099_PL_Pos	POS	2076	LPC 16:0/0:0	1.132	496.33960	845349241	4168713445	[M+H]+	C24H50NO7P	LPC	ASWBNKHCZGQVJV-UHFFFAOYNA-N	410	True	True	0.603	0.803	0.723	3.00	2.00	2.396	42691.46
VZ0000099_PL_Pos	POS	2194	LPC 18:1/0:0	1.197	522.35529	239319283	1232920007	[M+H]+	C26H52NO7P	LPC	YAMUFBLWGFFICM-SEYXRHQNNA-N	410	True	True	0.616	0.816	0.718	3.00	2.00	2.399	17992.08
VZ0000099_PL_Pos	POS	2214	PE O-18:0	1.209	454.29279	1347417	6257440	[M+H]+	C21H44NO7P	EtherPE	CIBZKQFKWPMFNT-UHFFFAOYNA-N	420	True	True	0.551	0.859	0.752	2.00	1.00	1.766	362.98
VZ0000099_PL_Pos	POS	2262	LPC 20:2/0:0	1.274	548.37115	1700708	9138711	[M+H]+	C28H54NO7P	LPC	YYQVCMMXPIJVHY-UTJQPWESNA-N	410	True	True	0.734	0.835	0.956	5.00	2.00	2.531	449.82
VZ0000099_PL_Pos	POS	2298	LPC 17:0/0:0	1.336	510.35544	5937978	50977369	[M+H]+	C25H52NO7P	LPC	SRRQPVVYXBTRQK-UHFFFAOYNA-N	410	True	True	0.761	0.873	0.951	4.00	2.00	2.543	1117.84
VZ0000099_PL_Pos	POS	2338	LPC 18:0	1.494	524.37103	10404256	43939990	[M+H]+	C26H54NO7P	LPC	IHNKQIMGVNPMTC-UHFFFAOYNA-N	410	True	True	0.774	0.881	0.661	3.00	2.00	2.423	710.53
VZ0000099_PL_Pos	POS	2350	ACar 18:0; [M]+	1.517	428.37341	830952	4340432	[M]+	C25H50NO4	ACar	FNPHNLNTJNMAEE-UHFFFAOYNA-O	430	True	True	0.919	0.895	0.938	2.00	1.00	1.933	56.52
VZ0000099_PL_Pos	POS	2390	LPC 18:0/0:0	1.631	524.37073	142295844	753971665	[M+H]+	C26H54NO7P	LPC	IHNKQIMGVNPMTC-UHFFFAOYNA-N	410	True	True	0.765	0.870	0.957	5.00	2.00	2.545	9766.50
VZ0000099_PL_Pos	POS	2431	LPC 20:1/0:0	1.672	550.38678	1148847	6500225	[M+H]+	C28H56NO7P	LPC	YYSFWGQAKJTHRE-SEYXRHQNNA-N	410	True	True	0.758	0.876	0.949	4.00	2.00	2.542	145.87
VZ0000099_PL_Pos	POS	2452	PE O-22:0	1.734	482.32407	1127450	5936775	[M+H]+	C23H48NO7P	EtherPE	KFKUYGUFNAZTCM-UHFFFAOYNA-N	420	True	True	0.526	0.840	0.763	2.00	1.00	1.762	350.04
VZ0000099_PL_Pos	POS	2557	LPC 19:0/0:0	1.974	538.38654	374981	2021769	[M+H]+	C27H56NO7P	LPC	WYIMORDZGCUBAA-UHFFFAOYNA-N	410	True	True	0.754	0.871	0.950	4.00	2.00	2.540	48.40
VZ0000099_PL_Pos	POS	2636	ACar 20:0; [M]+	2.245	456.40482	77112	414044	[M]+	C27H54NO4	ACar	SVJLJQBGUITFLI-UHFFFAOYNA-O	430	True	True	0.889	0.868	0.938	2.00	1.00	1.921	13.10
VZ0000099_PL_Pos	POS	2681	LPC 20:0/0:0	2.405	552.40228	488089	2713690	[M+H]+	C28H58NO7P	LPC	UATOAILWGVYRQS-UHFFFAOYNA-N	410	True	True	0.746	0.851	0.950	4.00	2.00	2.534	9.90
VZ0000099_PL_Pos	POS	2774	SM 42:2;O2	2.697	619.47925	165051	1155420	[M+H]+	C33H67N2O6P	SM	WSNPMQDVDJMTGA-OWBHPGMINA-N	420	True	True	0.834	0.880	0.716	2.00	1.00	1.812	8.31
VZ0000099_PL_Pos	POS	2906	SM 42:2;O2|SM 30:2;O2/12:0	2.826	645.49677	253934	1849589	[M+H]+	C35H69N2O6P	SM	VOWAQSWYTRWBEO-PACVJADRNA-N	410	True	True	0.832	0.877	0.723	2.00	2.00	2.462	16.39
VZ0000099_PL_Pos	POS	3146	LPC 22:0/0:0	3.538	580.43378	216601	1140662	[M+H]+	C30H62NO7P	LPC	UIINDYGXBHJQHX-UHFFFAOYNA-N	410	True	True	0.729	0.858	0.944	4.00	2.00	2.530	22.29
VZ0000099_PL_Pos	POS	3311	SM 46:2;O2|SM 32:2;O2/14:0	3.901	673.52783	6454763	35051859	[M+H]+	C37H73N2O6P	SM	AZMHJTIGIHIMFP-WKLXELFSNA-N	410	True	True	0.860	0.909	0.716	2.00	2.00	2.472	530.39
VZ0000099_PL_Pos	POS	3416	DAG 33:4; DAG 7:0-26:4; [M+NH4]+	4.141	592.49371	70810	425275	[M+NH4]+	C36H62O5	DAG	GKRGLWCJRCXYHK-ZRENGBSJNA-N	430	True	True	0.107	0.824	0.247	1.00	0.20	0.934	4.70
VZ0000099_PL_Pos	POS	3423	SM 54:5;O2	4.174	699.54346	247271	3767653	[M+H]+	C39H75N2O6P	SM	GACSEWUSMYPPGE-GTDSKFNZNA-N	420	True	True	0.847	0.913	0.711	2.00	1.00	1.825	13.29
VZ0000099_PL_Pos	POS	3434	SM 45:1;O2|SM 31:1;O2/14:0	4.253	661.52832	1279005	6810116	[M+H]+	C36H73N2O6P	SM	QMORVHRQDRSPJQ-ORIPQNMZNA-N	410	True	True	0.863	0.913	0.718	2.00	2.00	2.474	51.10
VZ0000099_PL_Pos	POS	3457	ACar 26:1; [M]+	4.398	538.48315	287316	1597944	[M]+	C33H64NO4	ACar	HDCKEMMZMZBAHM-VHEBQXMUNA-O	430	True	True	0.873	0.901	0.938	2.00	1.00	1.925	13.58
VZ0000099_PL_Pos	POS	3459	ACar 24:0; [M]+	4.409	512.46729	763129	4240831	[M]+	C31H62NO4	ACar	YDUFZFUYBBPVLJ-UHFFFAOYNA-O	430	True	True	0.894	0.898	0.938	2.00	1.00	1.929	19.85
VZ0000099_PL_Pos	POS	3461	PC 34:5	4.454	752.52222	286814	1845842	[M+H]+	C42H74NO8P	PC	WCNDCUHEAPXSRE-WVLIMAHDNA-N	420	True	True	0.765	0.915	0.580	2.00	1.00	1.751	4.78
VZ0000099_PL_Pos	POS	3463	SM 49:2;O2|SM 33:2;O2/16:0	4.465	687.54370	841513	6108738	[M+H]+	C38H75N2O6P	SM	BWJLFIKWNLAWFP-LLRUVXLENA-N	410	True	True	0.865	0.717	0.840	3.00	2.00	2.485	41.82
VZ0000099_PL_Pos	POS	3516	PC 32:3	4.588	728.52264	299406	1901262	[M+H]+	C40H74NO8P	PC	AGQKQQAJRFTOGL-ZWABBIBGNA-N	420	True	True	0.852	0.889	0.823	3.00	1.00	1.869	8.67
VZ0000099_PL_Pos	POS	3527	LPC 24:0/0:0	4.621	608.46497	438274	2406401	[M+H]+	C32H66NO7P	LPC	SKJMUADLQLZAGH-UHFFFAOYNA-N	410	True	True	0.639	0.659	0.949	4.00	2.00	2.470	8.66
VZ0000099_PL_Pos	POS	3529	PC 40:9	4.621	828.55377	252175	1682742	[M+H]+	C48H78NO8P	PC	VZHJGZIHURTYOK-VEJLKNSKNA-N	420	True	True	0.793	0.924	0.578	3.00	1.00	1.758	20.09
VZ0000099_PL_Pos	POS	3534	SM 46:1;O2|SM 32:1;O2/14:0	4.665	675.54358	268346	1369612	[M+H]+	C37H75N2O6P	SM	KYICBZWZQPCUMO-SJCQXOIGNA-N	410	True	True	0.895	0.807	0.847	3.00	2.00	2.514	22.23
VZ0000099_PL_Pos	POS	3567	PC 34:4	4.744	754.53809	657123	3783859	[M+H]+	C42H76NO8P	PC	MMUCLZZSNHBNFL-YTVYCYEUNA-N	420	True	True	0.780	0.912	0.599	4.00	1.00	1.762	10.63
VZ0000099_PL_Pos	POS	3617	SM 48:1;O2|SM 32:1;O2/16:0	4.846	675.54352	87240415	491015088	[M+H]+	C37H75N2O6P	SM	RPTUKVYGSPDHGQ-SJCQXOIGNA-N	410	True	True	0.872	0.922	0.715	2.00	2.00	2.477	10201.25
VZ0000099_PL_Pos	POS	3641	PC 38:7	4.846	804.55383	3306190	21301135	[M+H]+	C46H78NO8P	PC	HRBNRYBXXRPMKP-OMCHRGCMNA-N	420	True	True	0.858	0.878	0.818	3.00	1.00	1.865	67.68
VZ0000099_PL_Pos	POS	3693	PC 36:6	4.911	778.53809	1777830	13492976	[M+H]+	C44H76NO8P	PC	XXKFQTJOJZELMD-RSLAUBRINA-N	420	True	True	0.876	0.874	0.848	2.00	1.00	1.881	29.36
VZ0000099_PL_Pos	POS	3716	PC 28:0	4.971	678.50684	984105	6520684	[M+H]+	C36H72NO8P	PC	CITHEXJVPOWHKC-UHFFFAOYNA-N	420	True	True	0.786	0.903	0.633	3.00	1.00	1.776	25.62
VZ0000099_PL_Pos	POS	3725	PC 36:5	5.010	780.55359	5040407	32079260	[M+H]+	C44H78NO8P	PC	HZGAVPNEGHQJID-OFWSBFIXNA-N	420	True	True	0.771	0.912	0.583	3.00	1.00	1.753	91.96
VZ0000099_PL_Pos	POS	3750	SM 50:2;O2|SM 34:2;O2/16:0	5.039	701.55927	139298096	840854260	[M+H]+	C39H77N2O6P	SM	RYPRHPLEPBYJJE-CUCSTAJMNA-N	410	True	True	0.871	0.918	0.710	2.00	2.00	2.473	7463.68
VZ0000099_PL_Pos	POS	3774	PC 35:5	5.039	766.53821	880004	5472000	[M+H]+	C43H76NO8P	PC	UJMUDAMKHIWLCZ-SWDVKVAGNA-N	420	True	True	0.863	0.880	0.829	4.00	1.00	1.871	7.79
VZ0000099_PL_Pos	POS	3829	PC 38:7	5.074	804.55371	4654205	39165614	[M+H]+	C46H78NO8P	PC	DLRNZUPJXRVWRW-LKDYKOESNA-N	420	True	True	0.868	0.882	0.831	4.00	1.00	1.874	90.57
VZ0000099_PL_Pos	POS	3846	PC 42:10	5.087	854.56891	1873525	10856837	[M+H]+	C50H80NO8P	PC	NCCFWEYCQVRLBU-QIKGRQGGNA-N	420	True	True	0.861	0.876	0.808	3.00	1.00	1.860	83.92
VZ0000099_PL_Pos	POS	3854	PC 30:1	5.131	704.52252	1907900	17201760	[M+H]+	C38H74NO8P	PC	XGGMHQYOVYWRLV-VLGSPTGONA-N	420	True	True	0.762	0.904	0.585	2.00	1.00	1.750	169.00
VZ0000099_PL_Pos	POS	3891	PC 34:4	5.236	754.53790	8701773	55120497	[M+H]+	C42H76NO8P	PC	FJCUMLVANOXIFV-QYCRHRGJNA-N	420	True	True	0.888	0.882	0.852	2.00	1.00	1.886	136.48
VZ0000099_PL_Pos	POS	3909	SM 54:4;O2|SM 36:3;O2/18:1	5.275	727.57520	1857407	12031778	[M+H]+	C41H79N2O6P	SM	PHUNHHQMSABGSN-LBSJLUOHNA-N	410	True	True	0.860	0.909	0.705	2.00	2.00	2.467	61.40
VZ0000099_PL_Pos	POS	3916	SM 50:0;O2	5.319	677.55927	1913632	12799152	[M+H]+	C37H77N2O6P	SM	RNMVBFYBLXQRIF-UHFFFAOYNA-N	420	True	True	0.859	0.915	0.705	1.00	1.00	1.825	1907910.00
VZ0000099_PL_Pos	POS	3919	SM 49:1;O2|SM 33:1;O2/16:0	5.319	689.55927	709510	4692408	[M+H]+	C38H77N2O6P	SM	RXLZIONNUYYHHW-OWWNRXNENA-N	410	True	True	0.856	0.899	0.712	2.00	2.00	2.467	28.84
VZ0000099_PL_Pos	POS	3951	SM 54:4;O2|SM 36:3;O2/18:1	5.393	727.57507	2239691	22746605	[M+H]+	C41H79N2O6P	SM	PHUNHHQMSABGSN-LBSJLUOHNA-N	410	True	True	0.905	0.816	0.838	3.00	2.00	2.514	105.87
VZ0000099_PL_Pos	POS	3958	PC 36:5	5.417	780.55365	22362174	189029443	[M+H]+	C44H78NO8P	PC	NJKOHDXHBBUJBZ-LMRIPGBINA-N	420	True	True	0.865	0.882	0.819	3.00	1.00	1.868	401.18
VZ0000099_PL_Pos	POS	3967	PC 32:2	5.442	730.53839	26991789	199981944	[M+H]+	C40H76NO8P	PC	GPWHCUUIQMGELX-YGGBKCGDNA-N	420	True	True	0.797	0.917	0.599	1.00	1.00	1.766	1472.33
VZ0000099_PL_Pos	POS	3973	PC 40:8	5.442	830.56940	6603832	59773360	[M+H]+	C48H80NO8P	PC	BFCSBEFTXQRIOJ-QIURYZFVNA-N	420	True	True	0.930	0.888	0.871	4.00	1.00	1.905	255.00
VZ0000099_PL_Pos	POS	3997	SM 49:1;O2|SM 33:1;O2/16:0	5.508	689.55920	40834697	269473786	[M+H]+	C38H77N2O6P	SM	RXLZIONNUYYHHW-OWWNRXNENA-N	410	True	True	0.867	0.920	0.713	2.00	2.00	2.474	1656.52
VZ0000099_PL_Pos	POS	4047	PC 42:9	5.551	856.58472	815308	5489044	[M+H]+	C50H82NO8P	PC	FDDWZRUXIMATBC-WCSWXZRRNA-N	420	True	True	0.877	0.872	0.836	5.00	1.00	1.875	30.64
VZ0000099_PL_Pos	POS	4060	PC 37:6	5.584	792.55383	3776441	25547223	[M+H]+	C45H78NO8P	PC	GEINPYKZLFHHIL-BDWYRQGHNA-N	420	True	True	0.867	0.882	0.827	4.00	1.00	1.872	146.55
VZ0000099_PL_Pos	POS	4069	PC O-56:5	5.624	756.58844	325144	1624932	[M+H]+	C43H82NO7P	EtherPC	RRMBNQIFNLPDFD-NLIWCXCPNA-N	420	True	True	0.818	0.764	0.683	1.00	1.00	1.769	5.32
VZ0000099_PL_Pos	POS	4074	PC 34:3	5.634	756.55365	77910687	651904530	[M+H]+	C42H78NO8P	PC	QJWDAOSZZYVBJZ-BOAYSYCPNA-N	420	True	True	0.895	0.899	0.850	5.00	1.00	1.891	2396.33
VZ0000099_PL_Pos	POS	4137	PC 36:5	5.724	780.55359	130037906	876285514	[M+H]+	C44H78NO8P	PC	KLTHQSWIRFFBRI-KOQZQRJKNA-N	420	True	True	0.858	0.854	0.805	4.00	1.00	1.854	3251.84
VZ0000099_PL_Pos	POS	4145	PC 38:6	5.724	806.56915	87039059	615913106	[M+H]+	C46H80NO8P	PC	RUHBZJXWUDKAMZ-ODAJXHQSNA-N	420	True	True	0.878	0.898	0.827	3.00	1.00	1.877	2086.12
VZ0000099_PL_Pos	POS	4220	SM 53:3;O2|SM 35:2;O2/18:1	5.760	715.57483	2815441	25052032	[M+H]+	C40H79N2O6P	SM	PVKHUWIEFLTWHZ-ZQAGVPDUNA-N	410	True	True	0.862	0.909	0.708	2.00	2.00	2.468	126.57
VZ0000099_PL_Pos	POS	4252	PC 31:1	5.864	718.53839	1408991	12094526	[M+H]+	C39H76NO8P	PC	QFVHCMLUKNHDSH-VLGSPTGONA-N	420	True	True	0.861	0.884	0.817	3.00	1.00	1.867	76.05
VZ0000099_PL_Pos	POS	4260	PC 34:3	5.921	756.55347	44032041	338786080	[M+H]+	C42H78NO8P	PC	JMAYDGBZRHQJAT-XSMZTDTHNA-N	420	True	True	0.866	0.883	0.822	3.00	1.00	1.869	1603.77
VZ0000099_PL_Pos	POS	4288	PC 36:4	5.963	782.56915	228504794	1606089792	[M+H]+	C44H80NO8P	PC	FVXDQWZBHIXIEJ-ZPPAUJSGNA-N	420	True	True	0.814	0.913	0.614	3.00	1.00	1.775	4389.68
VZ0000099_PL_Pos	POS	4320	PC 35:4	5.973	768.55359	20956511	130563412	[M+H]+	C43H78NO8P	PC	JSXZJOMDSXRJMT-LTFXTMEVNA-N	420	True	True	0.780	0.915	0.582	3.00	1.00	1.755	635.34
VZ0000099_PL_Pos	POS	4381	SM 50:1;O2|SM 34:1;O2/16:0	6.089	703.57489	9492251	62322402	[M+H]+	C39H79N2O6P	SM	RWKUXQNLWDTSLO-NHQGMKOONA-N	410	True	True	0.866	0.918	0.709	2.00	2.00	2.472	174.76
VZ0000099_PL_Pos	POS	4424	PC 40:7	6.107	832.58496	3159282	24274539	[M+H]+	C48H82NO8P	PC	QFOVTMHNARYFIU-HYOAFMAGNA-N	420	True	True	0.899	0.893	0.835	5.00	1.00	1.884	161.66
VZ0000099_PL_Pos	POS	4445	PC 37:5	6.158	794.56952	2304275	23093343	[M+H]+	C45H80NO8P	PC	GGSPKQXXUZFLNX-BRBHEONNNA-N	420	True	True	0.867	0.863	0.836	5.00	1.00	1.872	103.06
VZ0000099_PL_Pos	POS	4449	PC 34:3	6.177	756.55371	19580094	229671983	[M+H]+	C42H78NO8P	PC	JMAYDGBZRHQJAT-XSMZTDTHNA-N	420	True	True	0.782	0.915	0.586	3.00	1.00	1.757	879.47
VZ0000099_PL_Pos	POS	4467	PC 33:2	6.225	744.55408	59518938	409122082	[M+H]+	C41H78NO8P	PC	DGBYUHHIADYUMU-AKMCNLDWNA-N	420	True	True	0.892	0.894	0.849	5.00	1.00	1.890	3711.49
VZ0000099_PL_Pos	POS	4498	PC 37:5	6.264	794.56934	2735342	24410121	[M+H]+	C45H80NO8P	PC	GGSPKQXXUZFLNX-BRBHEONNNA-N	420	True	True	0.837	0.843	0.827	4.00	1.00	1.857	100.96
VZ0000099_PL_Pos	POS	4575	SM 54:2;O2	6.309	703.57483	884261020	7363273638	[M+H]+	C39H79N2O6P	SM	HCRSLJWNMHPOAI-HNENSFHCNA-N	420	True	True	0.865	0.918	0.708	2.00	1.00	1.828	31275.34
VZ0000099_PL_Pos	POS	4638	PC O-56:11|PC O-36:6_20:5	6.363	764.55896	4630614	37393854	[M+H]+	C44H78NO7P	EtherPC	YHOIJVHLDXTLSX-VCFWMXEANA-N	410	True	True	0.913	0.898	0.905	2.00	2.00	2.562	111.42
VZ0000099_PL_Pos	POS	4645	PC 38:6	6.363	806.56934	755911944	5239683661	[M+H]+	C46H80NO8P	PC	IESVDEZGAHUQJU-SYGPSSPWNA-N	420	True	True	0.878	0.882	0.824	4.00	1.00	1.873	18440.06
VZ0000099_PL_Pos	POS	4680	PC 35:3	6.410	770.56927	10200384	75896769	[M+H]+	C43H80NO8P	PC	UJXPBTXUYBVHBS-ZFUXOTDWNA-N	420	True	True	0.758	0.852	0.574	2.00	1.00	1.733	209.52
VZ0000099_PL_Pos	POS	4699	PC 30:0	6.443	706.53809	26502280	189506202	[M+H]+	C38H76NO8P	PC	LJARBVLDSOWRJT-UHFFFAOYNA-N	420	True	True	0.800	0.919	0.604	1.00	1.00	1.770	264.48
VZ0000099_PL_Pos	POS	4727	MAG 21:1; [M+NH4]+	6.498	416.36517	2348272	12079356	[M+NH4]+	C24H46O4	MAG	NPKJCMUDVRGHAG-KHPPLWFENA-N	430	True	True	0.194	0.779	0.288	1.00	0.33	0.885	121.13
VZ0000099_PL_Pos	POS	4770	PC 40:7	6.545	832.58490	25237926	221343600	[M+H]+	C48H82NO8P	PC	FPEVDFOXMCHLKL-MIIHFGKENA-N	420	True	True	0.889	0.895	0.819	3.00	1.00	1.876	1313.11
VZ0000099_PL_Pos	POS	4800	PC O-58:10|PC O-38:6_20:4	6.581	792.59039	2868496	21356243	[M+H]+	C46H82NO7P	EtherPC	BOHZCIJMIPHZKG-OANVIGDONA-N	410	True	True	0.908	0.897	0.901	2.00	2.00	2.559	33.64
VZ0000099_PL_Pos	POS	4810	SM 54:2;O2|SM 36:2;O2/18:0	6.588	729.59076	75159123	690151413	[M+H]+	C41H81N2O6P	SM	GCHHFAWECQPLHL-KULLXTRWNA-N	410	True	True	0.867	0.916	0.703	2.00	2.00	2.469	4102.06
VZ0000099_PL_Pos	POS	4838	PC 42:8	6.606	858.60016	1127053	9329016	[M+H]+	C50H84NO8P	PC	XWJCIQBOCGNHAY-VOFGMHSJNA-N	420	True	True	0.883	0.894	0.821	3.00	1.00	1.874	61.30
VZ0000099_PL_Pos	POS	4848	PC O-52:7|PC O-34:4_18:3	6.625	740.55908	1027864	8433088	[M+H]+	C42H78NO7P	EtherPC	WZBDUIPZZOBYBR-KUUDARKTNA-N	410	True	True	0.871	0.859	0.901	2.00	2.00	2.542	40.07
VZ0000099_PL_Pos	POS	4871	PC O-56:10|PC O-36:5_20:5	6.671	766.57452	5988238	47623293	[M+H]+	C44H80NO7P	EtherPC	YHSSHPWVFALMBA-CYDMDVBXNA-N	410	True	True	0.927	0.901	0.907	2.00	2.00	2.566	52.46
VZ0000099_PL_Pos	POS	4890	PC 35:3	6.679	770.56921	6391772	55092526	[M+H]+	C43H80NO8P	PC	MUZGPRQBPCWWLQ-XSMZTDTHNA-N	420	True	True	0.744	0.836	0.569	2.00	1.00	1.725	116.73
VZ0000099_PL_Pos	POS	4900	PC 32:1	6.692	732.55371	196277407	1529227136	[M+H]+	C40H78NO8P	PC	MLBVVLKJELORDK-ZCXUNETKNA-N	420	True	True	0.780	0.922	0.568	1.00	1.00	1.751	854.24
VZ0000099_PL_Pos	POS	4901	PC O-52:2	6.692	732.59680	2097641	13556097	[M+H]+	C41H82NO7P	EtherPC	FNLKLGBEVPYDKU-DQRAZIAONA-N	420	True	True	0.799	0.775	0.688	1.00	1.00	1.734	34.19
VZ0000099_PL_Pos	POS	4967	PC 40:7	6.734	832.58496	6858046	50992301	[M+H]+	C48H82NO8P	PC	FPEVDFOXMCHLKL-MIIHFGKENA-N	420	True	True	0.893	0.897	0.833	4.00	1.00	1.883	369.38
VZ0000099_PL_Pos	POS	5004	PC O-60:12	6.788	792.59088	3410815	32009573	[M+H]+	C46H82NO7P	EtherPC	QQQQNYAHSSIZBU-XTQGPSINNA-N	420	True	True	0.845	0.910	0.676	1.00	1.00	1.809	34.08
VZ0000099_PL_Pos	POS	5029	PC 36:4	6.821	782.56909	1978334280	17213489432	[M+H]+	C44H80NO8P	PC	FVXDQWZBHIXIEJ-ZPPAUJSGNA-N	420	True	True	0.802	0.921	0.587	1.00	1.00	1.763	38263.98
VZ0000099_PL_Pos	POS	5044	PE 38:6	6.842	764.52246	3725015	28148205	[M+H]+	C43H74NO8P	PE	VHHWPJFJXPSEDR-YNVIVDAUNA-N	420	True	True	0.684	0.799	0.834	2.00	1.00	1.818	282.81
VZ0000099_PL_Pos	POS	5083	SM 51:1;O2|SM 35:1;O2/16:0	6.896	717.59039	4592634	36504765	[M+H]+	C40H81N2O6P	SM	LHFJEPSCFVKEET-QOSDPKFLNA-N	410	True	True	0.862	0.915	0.707	2.00	2.00	2.470	263.07
VZ0000099_PL_Pos	POS	5135	PC 38:5	6.954	808.58472	270605094	2872597198	[M+H]+	C46H82NO8P	PC	FOQMNUVHRWPLCX-GVTKYYOSNA-N	420	True	True	0.864	0.884	0.803	2.00	1.00	1.861	6332.86
VZ0000099_PL_Pos	POS	5145	PC 40:7	6.954	832.57227	1923898	10949389	[M+H]+	C48H82NO8P	PC	FPEVDFOXMCHLKL-MIIHFGKENA-N	420	True	True	0.892	0.898	0.843	5.00	1.00	1.750	103.62
VZ0000099_PL_Pos	POS	5176	SM 54:0;O2	6.977	705.59052	34562054	264465342	[M+H]+	C39H81N2O6P	SM	BLHKKGMGTNRNHM-UHFFFAOYNA-N	420	True	True	0.867	0.917	0.698	1.00	1.00	1.825	1468.44
VZ0000099_PL_Pos	POS	5208	PC 39:6	7.008	820.58508	3744257	32678345	[M+H]+	C47H82NO8P	PC	KSRURLYJRNYEOH-CRVSLQDRNA-N	420	True	True	0.858	0.878	0.834	4.00	1.00	1.872	70.40
VZ0000099_PL_Pos	POS	5246	PC O-60:13|PC O-38:7_22:6	7.054	790.57483	6462318	55510549	[M+H]+	C46H80NO7P	EtherPC	LSUUYCOJTDXYNX-AQISBKEKNA-N	410	True	True	0.914	0.887	0.906	2.00	2.00	2.560	82.88
VZ0000099_PL_Pos	POS	5277	PC 34:2	7.116	758.56921	3025304496	30374125561	[M+H]+	C42H80NO8P	PC	JLPULHDHAOZNQI-AKMCNLDWNA-N	420	True	True	0.797	0.918	0.602	4.00	1.00	1.768	55407.18
VZ0000099_PL_Pos	POS	5379	SM 53:1;O2|SM 35:1;O2/18:0	7.248	717.59052	20958956	163520855	[M+H]+	C40H81N2O6P	SM	DPLGGWKMPLPJQQ-QOSDPKFLNA-N	410	True	True	0.862	0.916	0.707	2.00	2.00	2.470	1157.33
VZ0000099_PL_Pos	POS	5386	PC O-44:1|PC O-30:1_14:0	7.256	690.54291	1737658	13377459	[M+H]+	C38H76NO7P	EtherPC	IBNHQPBEYCSFGY-VLGSPTGONA-N	410	True	True	0.841	0.912	0.698	1.00	2.00	2.460	216.32
VZ0000099_PL_Pos	POS	5399	PC O-62:14|PC O-40:8_22:6	7.267	816.58966	2400465	20505280	[M+H]+	C48H82NO7P	EtherPC	QVPPJOXTFVMHNE-ATKGLLPENA-N	410	True	True	0.902	0.901	0.907	2.00	2.00	2.560	77.07
VZ0000099_PL_Pos	POS	5400	PC 39:6	7.267	820.58545	5152046	40026361	[M+H]+	C47H82NO8P	PC	KSRURLYJRNYEOH-CRVSLQDRNA-N	420	True	True	0.870	0.890	0.836	4.00	1.00	1.878	96.87
VZ0000099_PL_Pos	POS	5429	PC 36:3	7.300	784.58466	588104238	5573863616	[M+H]+	C44H82NO8P	PC	GDWULUGDXGHJIJ-RWLIYIGXNA-N	420	True	True	0.881	0.901	0.834	3.00	1.00	1.881	11890.67
VZ0000099_PL_Pos	POS	5440	PC 40:6	7.300	834.60083	6304985	55282009	[M+H]+	C48H84NO8P	PC	SUSAZHLUBGMSDJ-RSLAUBRINA-N	420	True	True	0.910	0.891	0.851	2.00	1.00	1.893	102.27
VZ0000099_PL_Pos	POS	5478	SM 58:2;O2	7.320	731.60632	1474697	17223686	[M+H]+	C41H83N2O6P	SM	UHCSGNACOUYWIA-MRCUWXFGNA-N	420	True	True	0.847	0.907	0.693	1.00	1.00	1.816	57.50
VZ0000099_PL_Pos	POS	5520	PC 31:0	7.375	720.55383	6928429	52120322	[M+H]+	C39H78NO8P	PC	LLHISNQVRRYJGL-UHFFFAOYNA-N	420	True	True	0.868	0.886	0.821	3.00	1.00	1.870	163.80
VZ0000099_PL_Pos	POS	5532	PC O-60:12|PC O-38:6_22:6	7.399	792.59033	12568062	97746830	[M+H]+	C46H82NO7P	EtherPC	QQQQNYAHSSIZBU-XTQGPSINNA-N	410	True	True	0.925	0.909	0.911	2.00	2.00	2.569	206.02
VZ0000099_PL_Pos	POS	5600	PC 37:4	7.518	796.58545	22857969	221677185	[M+H]+	C45H82NO8P	PC	HTEFXTFZCGTMAC-PHEBCRHUNA-N	420	True	True	0.888	0.897	0.850	5.00	1.00	1.890	276.52
VZ0000099_PL_Pos	POS	5609	PC O-44:0|PC O-30:0_14:0	7.528	692.55872	2461449	19831390	[M+H]+	C38H78NO7P	EtherPC	WYKBXGAXGHENAM-UHFFFAOYNA-N	410	True	True	0.857	0.915	0.706	2.00	2.00	2.468	362.02
VZ0000099_PL_Pos	POS	5610	PC O-48:3|PC O-32:2_16:1	7.528	716.55890	4660672	37079386	[M+H]+	C40H78NO7P	EtherPC	MZDGVRYVGYDNAO-YGGBKCGDNA-N	410	True	True	0.776	0.792	0.692	1.00	2.00	2.418	170.24
VZ0000099_PL_Pos	POS	5631	PC 40:6	7.540	834.60065	3940303	35067201	[M+H]+	C48H84NO8P	PC	SUSAZHLUBGMSDJ-RSLAUBRINA-N	420	True	True	0.876	0.853	0.855	2.00	1.00	1.880	65.51
VZ0000099_PL_Pos	POS	5684	PC O-62:13|PC O-40:7_22:6	7.562	818.60614	10243563	83539054	[M+H]+	C48H84NO7P	EtherPC	MWJZGUPJPKCTCF-BGOAOESGNA-N	410	True	True	0.908	0.883	0.906	2.00	2.00	2.558	268.29
VZ0000099_PL_Pos	POS	5700	SM 56:2;O2|SM 37:2;O2/19:0	7.573	743.60651	2009096	20749918	[M+H]+	C42H83N2O6P	SM	BKEADBMUXKJSMK-MXBGQREFNA-N	410	True	True	0.860	0.910	0.701	2.00	2.00	2.465	56.20
VZ0000099_PL_Pos	POS	5770	PC O-56:9|PC O-36:5_20:4	7.615	766.57434	150903179	1234712994	[M+H]+	C44H80NO7P	EtherPC	VXQMCPDKMGAOGH-LNJNMWSONA-N	410	True	True	0.845	0.910	0.681	1.00	2.00	2.453	1647.62
VZ0000099_PL_Pos	POS	5789	PC 33:1	7.627	746.56964	31362339	289190420	[M+H]+	C41H80NO8P	PC	ZEWLMKXMNQOCOQ-MRCUWXFGNA-N	420	True	True	0.875	0.890	0.822	3.00	1.00	1.873	506.86
VZ0000099_PL_Pos	POS	5795	PC 36:3	7.627	784.58490	587863094	5511003553	[M+H]+	C44H82NO8P	PC	FHYXYDNOQOCPNC-XSMZTDTHNA-N	420	True	True	0.872	0.883	0.833	4.00	1.00	1.875	11058.61
VZ0000099_PL_Pos	POS	5913	PC 35:2	7.814	772.58502	38553501	397394296	[M+H]+	C43H82NO8P	PC	ZSKWZJYUVZYDQU-DYMXKLMANA-N	420	True	True	0.886	0.897	0.838	4.00	1.00	1.884	664.65
VZ0000099_PL_Pos	POS	5917	PC O-58:10|PC O-38:6_20:4	7.814	792.59033	30109246	375975050	[M+H]+	C46H82NO7P	EtherPC	BOHZCIJMIPHZKG-OANVIGDONA-N	410	True	True	0.924	0.907	0.908	2.00	2.00	2.567	354.71
VZ0000099_PL_Pos	POS	5919	PC 37:4	7.814	796.58508	33163622	276983079	[M+H]+	C45H82NO8P	PC	HTEFXTFZCGTMAC-PHEBCRHUNA-N	420	True	True	0.871	0.893	0.827	3.00	1.00	1.875	397.26
VZ0000099_PL_Pos	POS	5929	PC O-48:2|PC O-32:1_16:1	7.838	718.57452	5575725	53529263	[M+H]+	C40H80NO7P	EtherPC	HJVQHTGUAIETCQ-ZPHPHTNENA-N	410	True	True	0.850	0.909	0.692	1.00	2.00	2.459	293.38
VZ0000099_PL_Pos	POS	5944	PC 38:4	7.846	810.60046	36468938	400817588	[M+H]+	C46H84NO8P	PC	TWXNOZDNXVHOLP-HBZIWDQGNA-N	420	True	True	0.893	0.896	0.860	2.00	1.00	1.894	212.61
VZ0000099_PL_Pos	POS	5975	PC 39:5	7.923	822.60101	3060475	28623497	[M+H]+	C47H84NO8P	PC	XKFYOGIYSSMZRU-NMINKUIRNA-N	420	True	True	0.833	0.821	0.832	4.00	1.00	1.854	112.47
VZ0000099_PL_Pos	POS	5996	PC O-52:5|PC O-34:3_18:2	7.968	742.57489	98386439	823184439	[M+H]+	C42H80NO7P	EtherPC	AXCLECQLCBWNLZ-DZELQHPSNA-N	410	True	True	0.850	0.918	0.686	1.00	2.00	2.459	3376.66
VZ0000099_PL_Pos	POS	6001	PC O-56:8|PC O-36:4_20:4	7.968	768.59021	148151475	1248790340	[M+H]+	C44H82NO7P	EtherPC	SOUZQPFUXRVDGK-SHJNOZFHNA-N	410	True	True	0.852	0.912	0.681	1.00	2.00	2.455	2911.66
VZ0000099_PL_Pos	POS	6042	SM 54:1;O2|SM 36:1;O2/18:0	8.001	731.60638	1775717	15987417	[M+H]+	C41H83N2O6P	SM	LKQLRGMMMAHREN-NWBJSICCNA-N	410	True	True	0.789	0.590	0.846	3.00	2.00	2.444	66.63
VZ0000099_PL_Pos	POS	6051	PC O-48:2|PC O-32:1_16:1	8.023	718.57440	3157946	29792320	[M+H]+	C40H80NO7P	EtherPC	HJVQHTGUAIETCQ-ZPHPHTNENA-N	410	True	True	0.855	0.915	0.692	1.00	2.00	2.461	167.29
VZ0000099_PL_Pos	POS	6057	PE O-60:12	8.042	750.54291	924156	7966985	[M+H]+	C43H76NO7P	EtherPE	JJMPYAHUHHQAJB-YKPVOZFUNA-N	420	True	True	0.531	0.869	0.796	2.00	1.00	1.783	10.90
VZ0000099_PL_Pos	POS	6059	PC O-58:10|PC O-38:6_20:4	8.086	792.59131	2146230	21874579	[M+H]+	C46H82NO7P	EtherPC	BOHZCIJMIPHZKG-OANVIGDONA-N	410	True	True	0.826	0.868	0.694	2.00	2.00	2.446	16.86
VZ0000099_PL_Pos	POS	6070	PC 32:0	8.121	734.56970	1506086	12986806	[M+H]+	C40H80NO8P	PC	KILNVBDSWZSGLL-UHFFFAOYNA-N	420	True	True	0.889	0.873	0.885	4.00	1.00	1.900	61.43
VZ0000099_PL_Pos	POS	6081	PC 35:2	8.135	772.58502	64443622	579137897	[M+H]+	C43H82NO8P	PC	ZSKWZJYUVZYDQU-DYMXKLMANA-N	420	True	True	0.783	0.917	0.575	2.00	1.00	1.753	1102.84
VZ0000099_PL_Pos	POS	6108	PC O-58:9|PC O-38:5_20:4	8.144	794.60565	139291392	1321483268	[M+H]+	C46H84NO7P	EtherPC	YPEVVVCDYBKGNI-BXHZXWGDNA-N	410	True	True	0.839	0.912	0.675	1.00	2.00	2.450	2513.36
VZ0000099_PL_Pos	POS	6131	PC O-54:6|PC O-36:4_18:2	8.179	768.59015	19778996	181866015	[M+H]+	C44H82NO7P	EtherPC	XCCONPVPHCCYNF-ZPPAUJSGNA-N	410	True	True	0.919	0.901	0.907	2.00	2.00	2.564	350.52
VZ0000099_PL_Pos	POS	6147	PC O-62:11|PC O-40:6_22:5	8.263	820.62158	7694048	66838394	[M+H]+	C48H86NO7P	EtherPC	ZCAILPAGIIBRNC-AVKDVOETNA-N	410	True	True	0.914	0.901	0.906	2.00	2.00	2.563	102.72
VZ0000099_PL_Pos	POS	6173	PC 36:3	8.294	784.58521	21202965	184429290	[M+H]+	C44H82NO8P	PC	FHYXYDNOQOCPNC-XSMZTDTHNA-N	420	True	True	0.867	0.884	0.819	3.00	1.00	1.869	430.61
VZ0000099_PL_Pos	POS	6181	PC O-52:4|PC O-34:2_18:2	8.307	744.59058	54171419	458289281	[M+H]+	C42H82NO7P	EtherPC	IQACMFWAGALEAQ-DYMXKLMANA-N	410	True	True	0.937	0.910	0.910	2.00	2.00	2.572	2790.92
VZ0000099_PL_Pos	POS	6185	PC 37:3	8.307	798.60077	4941359	39511006	[M+H]+	C45H84NO8P	PC	FAZVFAYVHVJKNM-QBSIALABNA-N	420	True	True	0.850	0.875	0.813	2.00	1.00	1.861	107.63
VZ0000099_PL_Pos	POS	6204	SM 58:2;O2	8.315	731.60645	162148925	1471557893	[M+H]+	C41H83N2O6P	SM	UHCSGNACOUYWIA-MRCUWXFGNA-N	420	True	True	0.922	0.840	0.857	3.00	1.00	1.888	6310.05
VZ0000099_PL_Pos	POS	6215	PC 40:6	8.315	834.60065	146799679	1263996646	[M+H]+	C48H84NO8P	PC	SUSAZHLUBGMSDJ-RSLAUBRINA-N	420	True	True	0.916	0.899	0.854	2.00	1.00	1.897	3186.71
VZ0000099_PL_Pos	POS	6282	PC O-56:7	8.339	780.59003	8204245	86075924	[M+H]+	C45H82NO7P	EtherPC	PCLNRUJSWPUVTA-FSFSPXELNA-N	420	True	True	0.921	0.909	0.920	3.00	1.00	1.929	150.62
VZ0000099_PL_Pos	POS	6313	PC 37:3	8.391	798.60083	5778249	46316633	[M+H]+	C45H84NO8P	PC	VJODNNQZGFWVNO-JOIBFBEQNA-N	420	True	True	0.856	0.877	0.824	3.00	1.00	1.867	89.43
VZ0000099_PL_Pos	POS	6333	PC 42:7	8.422	860.61627	1196915	10396040	[M+H]+	C50H86NO8P	PC	FYVDGOCCFDKYOR-GXLBXUGMNA-N	420	True	True	0.874	0.895	0.839	4.00	1.00	1.881	24.93
VZ0000099_PL_Pos	POS	6337	PC 32:0	8.435	734.56970	129592092	1181913814	[M+H]+	C40H80NO8P	PC	KILNVBDSWZSGLL-UHFFFAOYNA-N	420	True	True	0.823	0.919	0.630	3.00	1.00	1.786	2437.54
VZ0000099_PL_Pos	POS	6344	PC O-58:9|PC O-38:5_20:4	8.435	794.60614	7869999	89462355	[M+H]+	C46H84NO7P	EtherPC	YPEVVVCDYBKGNI-BXHZXWGDNA-N	410	True	True	0.904	0.872	0.910	2.00	2.00	2.556	105.85
VZ0000099_PL_Pos	POS	6359	PC O-64:10	8.444	820.62164	5010259	53387297	[M+H]+	C48H86NO7P	EtherPC	PIDAAXAABZHLOK-CUZIJNPGNA-N	420	True	True	0.894	0.861	0.910	2.00	1.00	1.909	64.33
VZ0000099_PL_Pos	POS	6413	PC O-54:5|PC O-36:3_18:2	8.499	770.60565	20014265	201709516	[M+H]+	C44H84NO7P	EtherPC	MFZLAZYUXHHSIA-RWLIYIGXNA-N	410	True	True	0.842	0.903	0.680	1.00	2.00	2.451	455.36
VZ0000099_PL_Pos	POS	6435	PC O-56:7|PC O-36:4_20:3	8.544	768.59027	13423608	133176878	[M+H]+	C44H82NO7P	EtherPC	OVJPGQQWKIPVFP-KUUDARKTNA-N	410	True	True	0.927	0.909	0.909	2.00	2.00	2.569	267.34
VZ0000099_PL_Pos	POS	6445	PC 40:5	8.552	836.61603	5709558	56325316	[M+H]+	C48H86NO8P	PC	BEBUALLVGGPZCK-OZKYNIIMNA-N	420	True	True	0.882	0.893	0.822	3.00	1.00	1.875	263.73
VZ0000099_PL_Pos	POS	6555	SM 58:2;O2|SM 38:2;O2/20:0	8.684	757.62225	35795106	371309482	[M+H]+	C43H85N2O6P	SM	RIQUZAZTFMJZDT-QCVIXQMPNA-N	410	True	True	0.863	0.911	0.700	2.00	2.00	2.465	1082.43
VZ0000099_PL_Pos	POS	6627	PC 34:1	8.741	760.58490	1493800736	17555644013	[M+H]+	C42H82NO8P	PC	WTJKGGKOPKCXLL-MRCUWXFGNA-N	420	True	True	0.885	0.898	0.831	3.00	1.00	1.881	21706.34
VZ0000099_PL_Pos	POS	6646	PC O-56:5	8.751	756.58990	2377665	30342660	[M+H]+	C43H82NO7P	EtherPC	RRMBNQIFNLPDFD-NLIWCXCPNA-N	420	True	True	0.920	0.900	0.902	2.00	1.00	1.919	72.11
VZ0000099_PL_Pos	POS	6716	PC O-56:7|PC O-36:4_20:3	8.818	768.59003	1707733	17649194	[M+H]+	C44H82NO7P	EtherPC	OVJPGQQWKIPVFP-KUUDARKTNA-N	410	True	True	0.823	0.907	0.681	1.00	2.00	2.448	30.15
VZ0000099_PL_Pos	POS	6725	PC 33:1	8.831	746.56989	1695433	16154750	[M+H]+	C41H80NO8P	PC	ASFWPRURQHKRSL-ZZEZOPTANA-N	420	True	True	0.857	0.897	0.832	3.00	1.00	1.875	27.78
VZ0000099_PL_Pos	POS	6735	PC O-60:10|PC O-38:5_22:5	8.842	794.60614	4582056	72805386	[M+H]+	C46H84NO7P	EtherPC	VGMPOLIXNOOTMT-JTBZDUPANA-N	410	True	True	0.929	0.912	0.920	3.00	2.00	2.574	70.26
VZ0000099_PL_Pos	POS	6847	PC O-56:6|PC O-36:3_20:3	8.955	770.60547	11596660	125524379	[M+H]+	C44H84NO7P	EtherPC	FBBXBJITXQXKMG-JOIBFBEQNA-N	410	True	True	0.852	0.911	0.680	1.00	2.00	2.454	252.88
VZ0000099_PL_Pos	POS	6849	PC 38:4	8.955	810.60059	1018236232	9881416495	[M+H]+	C46H84NO8P	PC	TWXNOZDNXVHOLP-HBZIWDQGNA-N	420	True	True	0.900	0.896	0.857	2.00	1.00	1.895	7287.61
VZ0000099_PL_Pos	POS	6905	PC O-60:6	8.990	810.65106	8146212	119320523	[M+H]+	C47H88NO7P	EtherPC	AELXMLQNZCVFLN-MLLZQYMONA-N	420	True	True	0.812	0.770	0.672	1.00	1.00	1.625	128.58
VZ0000099_PL_Pos	POS	6961	PC 40:5	9.053	836.61566	51643320	450673226	[M+H]+	C48H86NO8P	PC	MAAMGQXOTCBPFS-CYDMDVBXNA-N	420	True	True	0.902	0.901	0.835	4.00	1.00	1.885	2613.13
VZ0000099_PL_Pos	POS	6970	SM 66:6;O2|SM 42:4;O2/24:2	9.064	809.65338	12642335	122431383	[M+H]+	C47H89N2O6P	SM	QQHPWMUBRSJWEO-GSUFZUHUNA-N	410	True	True	0.778	0.707	0.686	2.00	2.00	2.398	254.82
VZ0000099_PL_Pos	POS	6971	PC O-64:10	9.064	820.62158	2037634	19872419	[M+H]+	C48H86NO7P	EtherPC	PIDAAXAABZHLOK-CUZIJNPGNA-N	420	True	True	0.830	0.756	0.910	2.00	1.00	1.873	27.34
VZ0000099_PL_Pos	POS	6988	SM 55:1;O2|SM 37:1;O2/18:0	9.074	745.62189	2476848	24637511	[M+H]+	C42H85N2O6P	SM	NOYQZHGWDLGLMO-LAPDZXRHNA-N	410	True	True	0.857	0.913	0.701	2.00	2.00	2.466	76.73
VZ0000099_PL_Pos	POS	7011	PC O-56:5	9.110	756.58948	1558714	15413688	[M+H]+	C43H82NO7P	EtherPC	RRMBNQIFNLPDFD-NLIWCXCPNA-N	420	True	True	0.910	0.873	0.931	3.00	1.00	1.922	25.50
VZ0000099_PL_Pos	POS	7017	PC O-58:7|PC O-38:4_20:3	9.122	796.62140	7889520	86661183	[M+H]+	C46H86NO7P	EtherPC	BHXWOKYZVJSVLR-ZMYGKXSHNA-N	410	True	True	0.928	0.904	0.910	2.00	2.00	2.568	92.05
VZ0000099_PL_Pos	POS	7021	PC O-58:6	9.133	782.60596	3838277	42350454	[M+H]+	C45H84NO7P	EtherPC	YUQUQXIJQXAZCV-JBGDZKJPNA-N	420	True	True	0.872	0.818	0.901	2.00	1.00	1.891	46.85
VZ0000099_PL_Pos	POS	7055	SM 58:0;O2	9.229	733.62201	9912052	88635641	[M+H]+	C41H85N2O6P	SM	ZGVJYAAWNDFHCO-UHFFFAOYNA-N	420	True	True	0.916	0.853	0.859	2.00	1.00	1.890	397.92
VZ0000099_PL_Pos	POS	7057	PC 33:0	9.229	748.58484	3593921	40556907	[M+H]+	C41H82NO8P	PC	CNHYMCCAIZQMPA-UHFFFAOYNA-N	420	True	True	0.870	0.895	0.826	3.00	1.00	1.875	115.30
VZ0000099_PL_Pos	POS	7082	PC O-60:9|PC O-38:5_22:4	9.250	794.60577	10211478	94856892	[M+H]+	C46H84NO7P	EtherPC	DXWWZGSYACJKKM-LNJNMWSONA-N	410	True	True	0.842	0.912	0.675	1.00	2.00	2.451	177.70
VZ0000099_PL_Pos	POS	7096	PC O-62:13|PC O-40:7_22:6	9.263	818.60516	2186937	26244410	[M+H]+	C48H84NO7P	EtherPC	MWJZGUPJPKCTCF-BGOAOESGNA-N	410	True	True	0.917	0.908	0.922	3.00	2.00	2.571	57.78
VZ0000099_PL_Pos	POS	7137	PC 36:2	9.316	786.60059	1648175072	18131502471	[M+H]+	C44H84NO8P	PC	SNKAWJBJQDLSFF-YEUCEMRANA-N	420	True	True	0.800	0.917	0.586	1.00	1.00	1.761	14742.02
VZ0000099_PL_Pos	POS	7138	PC O-58:4	9.316	786.63824	14031542	108456629	[M+H]+	C45H88NO7P	EtherPC	NEWSWVPEIBMVBJ-TVHMIOOGNA-N	420	True	True	0.857	0.917	0.677	1.00	1.00	1.813	453.10
VZ0000099_PL_Pos	POS	7225	PC O-58:7|PC O-38:4_20:3	9.420	796.62231	1996767	18588255	[M+H]+	C46H86NO7P	EtherPC	BHXWOKYZVJSVLR-ZMYGKXSHNA-N	410	True	True	0.826	0.899	0.675	1.00	2.00	2.444	7.90
VZ0000099_PL_Pos	POS	7241	PC 40:4	9.430	838.63269	1219068	9898506	[M+H]+	C48H88NO8P	PC	AAYOXXRTLLISDA-ZPPAUJSGNA-N	420	True	True	0.785	0.919	0.575	1.00	1.00	1.755	40.73
VZ0000099_PL_Pos	POS	7295	PC O-56:4	9.544	758.60510	863533	8660510	[M+H]+	C43H84NO7P	EtherPC	RGQSOLCBGZNSEX-KMBURPGVNA-N	420	True	True	0.838	0.905	0.683	1.00	1.00	1.807	15.85
VZ0000099_PL_Pos	POS	7310	PC O-48:1|PC O-32:1_16:0	9.553	718.57477	16603346	169750163	[M+H]+	C40H80NO7P	EtherPC	BXQUYBIIGCTQFV-VLGSPTGONA-N	410	True	True	0.849	0.917	0.692	1.00	2.00	2.460	898.47
VZ0000099_PL_Pos	POS	7349	SM 58:1;O2|SM 37:1;O2/21:0	9.590	745.62225	8586866	92163299	[M+H]+	C42H85N2O6P	SM	VYIOIWCYTYPCBV-LAPDZXRHNA-N	410	True	True	0.853	0.911	0.701	2.00	2.00	2.464	275.23
VZ0000099_PL_Pos	POS	7351	SM 62:3;O2|SM 39:2;O2/23:1	9.590	771.63715	1179888	12751534	[M+H]+	C44H87N2O6P	SM	VKPNLCPUADOKLP-RDFANRIKNA-N	410	True	True	0.871	0.789	0.842	3.00	2.00	2.502	104.91
VZ0000099_PL_Pos	POS	7366	PC 35:1	9.608	774.60083	6360242	90663268	[M+H]+	C43H84NO8P	PC	SXNXGNVZTLZDHE-XDOYNYLZNA-N	420	True	True	0.887	0.896	0.851	5.00	1.00	1.889	80.12
VZ0000099_PL_Pos	POS	7443	PC 33:0	9.678	748.58521	1428127	14851775	[M+H]+	C41H82NO8P	PC	GIGFXAIGXMAFIF-UHFFFAOYNA-N	420	True	True	0.853	0.854	0.835	3.00	1.00	1.866	45.82
VZ0000099_PL_Pos	POS	7445	PC O-60:8|PC O-38:4_22:4	9.678	796.62158	10917984	113690692	[M+H]+	C46H86NO7P	EtherPC	QAQLMTPGVRHDLS-SHJNOZFHNA-N	410	True	True	0.840	0.908	0.675	1.00	2.00	2.449	122.60
VZ0000099_PL_Pos	POS	7452	PC O-62:12|PC O-40:6_22:6	9.722	820.62158	3016247	34137528	[M+H]+	C48H86NO7P	EtherPC	QBZALASVZLFAHF-RRHSVIFUNA-N	410	True	True	0.923	0.910	0.922	3.00	2.00	2.573	38.31
VZ0000099_PL_Pos	POS	7468	PC O-66:11	9.779	846.63654	659622	7139298	[M+H]+	C50H88NO7P	EtherPC	CGUCKUWDYDSWPR-SIKAAJLYNA-N	420	True	True	0.920	0.870	0.917	2.00	1.00	1.918	16.38
VZ0000099_PL_Pos	POS	7471	PC O-52:3|PC O-34:2_18:1	9.824	744.59058	23454447	272139861	[M+H]+	C42H82NO7P	EtherPC	WDQJCKHLEYAETE-MGXYOJEMNA-N	410	True	True	0.929	0.912	0.911	2.00	2.00	2.571	1215.77
VZ0000099_PL_Pos	POS	7487	PC O-62:9|PC O-40:5_22:4	9.903	822.63721	4754094	56097812	[M+H]+	C48H88NO7P	EtherPC	SJVIMEHEZSDCCE-BFAPQNTNNA-N	410	True	True	0.927	0.910	0.912	2.00	2.00	2.570	79.39
VZ0000099_PL_Pos	POS	7495	PC O-48:0|PC O-32:0_16:0	9.938	720.59045	20665837	207318142	[M+H]+	C40H82NO7P	EtherPC	WOTHHEHCEYHCFE-UHFFFAOYNA-N	410	True	True	0.857	0.918	0.691	1.00	2.00	2.462	483.30
VZ0000099_PL_Pos	POS	7519	SM 68:4;O2	9.983	797.65283	4266648	49242141	[M+H]+	C46H89N2O6P	SM	IXSUFDLZEYZCAU-JTQNKFRQNA-N	420	True	True	0.804	0.810	0.690	2.00	1.00	1.785	31.05
VZ0000099_PL_Pos	POS	7522	PC 35:1	9.996	774.60071	14332670	200316130	[M+H]+	C43H84NO8P	PC	SXNXGNVZTLZDHE-XDOYNYLZNA-N	420	True	True	0.779	0.917	0.583	3.00	1.00	1.756	487.80
VZ0000099_PL_Pos	POS	7541	SM 60:2;O2|SM 39:2;O2/21:0	10.025	771.63751	3793041	49216573	[M+H]+	C44H87N2O6P	SM	QXCVFLVJXWFKCC-GHQHJQBONA-N	410	True	True	0.847	0.904	0.695	2.00	2.00	2.459	122.09
VZ0000099_PL_Pos	POS	7549	PC 38:3	10.025	812.61615	143281089	1456149090	[M+H]+	C46H86NO8P	PC	LLUINWFQEIMZRU-JOIBFBEQNA-N	420	True	True	0.801	0.923	0.593	4.00	1.00	1.766	2856.88
VZ0000099_PL_Pos	POS	7633	PC O-58:6	10.114	770.60620	3381266	49750547	[M+H]+	C44H84NO7P	EtherPC	XOKBOEDLYBAAIS-KYYVITJFNA-N	420	True	True	0.832	0.895	0.680	1.00	1.00	1.804	73.01
VZ0000099_PL_Pos	POS	7636	PC O-62:11|PC O-40:6_22:5	10.114	820.62152	2526962	28654625	[M+H]+	C48H86NO7P	EtherPC	ZCAILPAGIIBRNC-AVKDVOETNA-N	410	True	True	0.876	0.808	0.927	3.00	2.00	2.544	33.76
VZ0000099_PL_Pos	POS	7651	PC O-50:1|PC O-34:1_16:0	10.148	746.60614	28166295	449676864	[M+H]+	C42H84NO7P	EtherPC	IQLHTKSHLGLPMG-MRCUWXFGNA-N	410	True	True	0.944	0.913	0.920	3.00	2.00	2.578	562.47
VZ0000099_PL_Pos	POS	7659	PC 37:2	10.157	800.61676	1404827	26584302	[M+H]+	C45H86NO8P	PC	LOOVXTAPKGYHKO-IUFKAHDJNA-N	420	True	True	0.862	0.895	0.828	3.00	1.00	1.874	39.53
VZ0000099_PL_Pos	POS	7677	PC 39:4	10.246	824.61627	1866461	20470412	[M+H]+	C47H86NO8P	PC	QUWIPEXOTVGONJ-LGUFLKDENA-N	420	True	True	0.788	0.925	0.561	2.00	1.00	1.750	48.38
VZ0000099_PL_Pos	POS	7686	PC 38:3	10.325	812.61633	12077337	135389250	[M+H]+	C46H86NO8P	PC	LLUINWFQEIMZRU-JOIBFBEQNA-N	420	True	True	0.771	0.910	0.566	2.00	1.00	1.745	223.27
VZ0000099_PL_Pos	POS	7697	PC O-54:5|PC O-36:3_18:2	10.464	770.60596	9325737	106014196	[M+H]+	C44H84NO7P	EtherPC	MFZLAZYUXHHSIA-RWLIYIGXNA-N	410	True	True	0.927	0.911	0.914	2.00	2.00	2.571	215.69
VZ0000099_PL_Pos	POS	7703	PC O-52:2	10.477	732.59003	530003	7317195	[M+H]+	C41H82NO7P	EtherPC	FNLKLGBEVPYDKU-DQRAZIAONA-N	420	True	True	0.795	0.825	0.688	1.00	1.00	1.785	9.10
VZ0000099_PL_Pos	POS	7704	PC O-58:4	10.477	772.62195	5947422	77718300	[M+H]+	C44H86NO7P	EtherPC	KACYNSNIMQHDNZ-AKMCNLDWNA-N	420	True	True	0.760	0.820	0.680	1.00	1.00	1.773	132.85
VZ0000099_PL_Pos	POS	7712	PC O-58:8|PC O-38:4_20:4	10.484	796.62164	39007628	437351867	[M+H]+	C46H86NO7P	EtherPC	PTKWWHCMNOQBSL-WKUHSSGJNA-N	410	True	True	0.933	0.906	0.907	2.00	2.00	2.569	473.12
VZ0000099_PL_Pos	POS	7717	PC O-62:11|PC O-42:7_20:4	10.503	846.63678	554409	6215999	[M+H]+	C50H88NO7P	EtherPC	IDMAOTKSRHOQNI-PGZXGCCENA-N	410	True	True	0.932	0.885	0.933	3.00	2.00	2.575	13.48
VZ0000099_PL_Pos	POS	7732	SM 58:1;O2|SM 38:1;O2/20:0	10.544	759.63708	629410	6772380	[M+H]+	C43H87N2O6P	SM	AADLTHQNYQJHQV-JMUUFCRMNA-N	410	True	True	0.794	0.769	0.698	2.00	2.00	2.420	14.25
VZ0000099_PL_Pos	POS	7733	PC O-66:9	10.544	822.63715	11011558	128076032	[M+H]+	C48H88NO7P	EtherPC	PXHWTQUCUMFQHP-SFRKOHFQNA-N	420	True	True	0.922	0.905	0.910	2.00	1.00	1.924	186.67
VZ0000099_PL_Pos	POS	7742	PC 34:2	10.577	758.56915	864806	4663224	[M+H]+	C42H80NO8P	PC	RXPVDHQFHIMZPN-AUYXYSRINA-N	420	True	True	0.848	0.823	0.813	2.00	1.00	1.848	12.48
VZ0000099_PL_Pos	POS	7748	PC 37:2	10.662	800.61646	4168985	49974124	[M+H]+	C45H86NO8P	PC	LOOVXTAPKGYHKO-IUFKAHDJNA-N	420	True	True	0.865	0.899	0.832	3.00	1.00	1.877	120.18
VZ0000099_PL_Pos	POS	7762	PC O-56:4	10.768	758.60504	551051	8351606	[M+H]+	C43H84NO7P	EtherPC	RGQSOLCBGZNSEX-KMBURPGVNA-N	420	True	True	0.909	0.894	0.901	2.00	1.00	1.913	8.04
VZ0000099_PL_Pos	POS	7778	PC 40:4	10.866	838.63159	11274231	129752765	[M+H]+	C48H88NO8P	PC	AAYOXXRTLLISDA-ZPPAUJSGNA-N	420	True	True	0.918	0.902	0.861	2.00	1.00	1.901	373.93
VZ0000099_PL_Pos	POS	7787	PC 38:3	10.898	812.61670	4812189	56920708	[M+H]+	C46H86NO8P	PC	LLUINWFQEIMZRU-JOIBFBEQNA-N	420	True	True	0.870	0.890	0.839	4.00	1.00	1.880	95.31
VZ0000099_PL_Pos	POS	7813	PC O-54:4|PC O-36:2_18:2	10.944	772.62170	9699569	103963617	[M+H]+	C44H86NO7P	EtherPC	LMGTVCKIUNTOEP-IUFKAHDJNA-N	410	True	True	0.850	0.911	0.680	1.00	2.00	2.454	164.84
VZ0000099_PL_Pos	POS	7817	SM 64:3;O2|SM 40:2;O2/24:1	10.944	785.65320	46782460	506056076	[M+H]+	C45H89N2O6P	SM	OZXWZOLZFGMHJI-DTCGLEGBNA-N	410	True	True	0.868	0.915	0.695	2.00	2.00	2.465	489.35
VZ0000099_PL_Pos	POS	7826	PC O-68:10	10.944	848.65247	4583382	48614355	[M+H]+	C50H90NO7P	EtherPC	UTKRUKQRZXSAAN-CUZIJNPGNA-N	420	True	True	0.873	0.861	0.911	2.00	1.00	1.904	196.22
VZ0000099_PL_Pos	POS	7857	PC O-62:5	10.982	798.63770	1605978	22292384	[M+H]+	C46H88NO7P	EtherPC	QRNZBOJCLYDYKG-LVPVIALKNA-N	420	True	True	0.861	0.803	0.909	2.00	1.00	1.889	26.20
VZ0000099_PL_Pos	POS	7859	SM 66:5;O2|SM 42:3;O2/24:2	10.982	811.66888	744205	7411748	[M+H]+	C47H91N2O6P	SM	SAFPQDBNJOKZOV-CBMSYKLZNA-N	410	True	True	0.846	0.760	0.819	3.00	2.00	2.481	8.20
VZ0000099_PL_Pos	POS	7869	SM 60:1;O2|SM 38:1;O2/22:0	11.002	759.63733	84483190	1027993297	[M+H]+	C43H87N2O6P	SM	XNBRFUCJENKXCT-JMUUFCRMNA-N	410	True	True	0.869	0.920	0.698	2.00	2.00	2.468	1911.16
VZ0000099_PL_Pos	POS	7894	PC O-62:6|PC O-40:5_22:1	11.013	822.63763	1198527	15302975	[M+H]+	C48H88NO7P	EtherPC	POMGUCUWZJXFTQ-XEEIHNGGNA-N	410	True	True	0.882	0.847	0.920	3.00	2.00	2.550	19.98
VZ0000099_PL_Pos	POS	7922	PC 34:0	11.067	762.60065	13941709	161378665	[M+H]+	C42H84NO8P	PC	PZNPLUBHRSSFHT-UHFFFAOYNA-N	420	True	True	0.767	0.893	0.598	4.00	1.00	1.755	336.42
VZ0000099_PL_Pos	POS	7951	PC 42:5	11.201	864.64758	556205	7005851	[M+H]+	C50H90NO8P	PC	IBSDJJIYZZCALG-POAYTUCRNA-N	420	True	True	0.880	0.907	0.829	3.00	1.00	1.881	16.94
VZ0000099_PL_Pos	POS	7957	PC O-56:4	11.262	758.60455	316720	4133172	[M+H]+	C43H84NO7P	EtherPC	RGQSOLCBGZNSEX-KMBURPGVNA-N	420	True	True	0.902	0.866	0.883	2.00	1.00	1.896	4.11
VZ0000099_PL_Pos	POS	8037	SM 66:4;O2|SM 42:3;O2/24:1	11.401	811.66864	140695916	1600832402	[M+H]+	C47H91N2O6P	SM	BLBKGYQIQUVNRP-CLQBYUGCNA-N	410	True	True	0.891	0.806	0.833	3.00	2.00	2.506	1461.37
VZ0000099_PL_Pos	POS	8107	PC 36:1	11.433	788.61633	184441664	2344066044	[M+H]+	C44H86NO8P	PC	ATHVAWFAEPLPPQ-LNVKXUELNA-N	420	True	True	0.887	0.906	0.839	3.00	1.00	1.886	3286.35
VZ0000099_PL_Pos	POS	8133	SM 66:4;O2	11.445	785.65320	89162018	1040000300	[M+H]+	C45H89N2O6P	SM	NMEAJICTOSBCPZ-HLEFPVAINA-N	420	True	True	0.917	0.832	0.848	3.00	1.00	1.881	921.84
VZ0000099_PL_Pos	POS	8196	PC 38:2	11.534	814.63257	2392508	30539895	[M+H]+	C46H88NO8P	PC	HJYITXYOCDILBF-HKOLQMFGNA-N	420	True	True	0.688	0.789	0.580	1.00	1.00	1.708	80.89
VZ0000099_PL_Pos	POS	8235	PC 40:4	11.724	838.63190	1766692	20998340	[M+H]+	C48H88NO8P	PC	AAYOXXRTLLISDA-ZPPAUJSGNA-N	420	True	True	0.910	0.898	0.857	2.00	1.00	1.897	26.87
VZ0000099_PL_Pos	POS	8242	PC O-58:6|PC O-38:3_20:3	11.743	798.63745	2625366	34263040	[M+H]+	C46H88NO7P	EtherPC	WYIFXHMWDMCKKH-JOIBFBEQNA-N	410	True	True	0.928	0.909	0.919	3.00	2.00	2.573	42.10
VZ0000099_PL_Pos	POS	8246	SM 70:5;O2	11.763	811.66858	6676153	119800750	[M+H]+	C47H91N2O6P	SM	LYZUZJTUWOVQAZ-SURSUKJINA-N	420	True	True	0.856	0.914	0.689	2.00	1.00	1.818	70.29
VZ0000099_PL_Pos	POS	8251	PC O-66:8	11.785	824.65283	690646	8688775	[M+H]+	C48H90NO7P	EtherPC	WCIKRSMVMBTMPR-LTFXTMEVNA-N	420	True	True	0.860	0.917	0.669	1.00	1.00	1.810	8.66
VZ0000099_PL_Pos	POS	8261	PC 38:2	11.838	814.63208	7410484	90297875	[M+H]+	C46H88NO8P	PC	HJYITXYOCDILBF-HKOLQMFGNA-N	420	True	True	0.894	0.902	0.865	2.00	1.00	1.898	63.03
VZ0000099_PL_Pos	POS	8280	SM 59:1;O2|SM 39:1;O2/20:0	11.973	773.65326	716401	11661828	[M+H]+	C44H89N2O6P	SM	JZLHFUHATYARJO-MHAUTQJVNA-N	410	True	True	0.896	0.822	0.852	3.00	2.00	2.519	16.28
VZ0000099_PL_Pos	POS	8289	SM 66:2;O2	12.090	787.66907	1659759	22745281	[M+H]+	C45H91N2O6P	SM	SHRLPXBZQCWKMJ-IZHYLOQSNA-N	420	True	True	0.892	0.795	0.848	3.00	1.00	1.868	9.07
VZ0000099_PL_Pos	POS	8295	PC O-62:9|PC O-40:5_22:4	12.126	822.63684	610901	7527888	[M+H]+	C48H88NO7P	EtherPC	SJVIMEHEZSDCCE-BFAPQNTNNA-N	410	True	True	0.879	0.830	0.929	3.00	2.00	2.550	10.65
VZ0000099_PL_Pos	POS	8299	SM 62:0;O2	12.137	761.65308	2158935	26986013	[M+H]+	C43H89N2O6P	SM	WZSCABKLRFKQRR-UHFFFAOYNA-N	420	True	True	0.905	0.843	0.865	3.00	1.00	1.888	59.13
VZ0000099_PL_Pos	POS	8309	PC 38:2	12.186	814.63184	3152273	40650038	[M+H]+	C46H88NO8P	PC	HJYITXYOCDILBF-HKOLQMFGNA-N	420	True	True	0.891	0.893	0.858	2.00	1.00	1.892	30.22
VZ0000099_PL_Pos	POS	8321	PC O-68:9	12.252	850.66833	349609	4396158	[M+H]+	C50H92NO7P	EtherPC	CTDYEHIQUYBBEW-LNJNMWSONA-N	420	True	True	0.814	0.822	0.914	2.00	1.00	1.885	6.68
VZ0000099_PL_Pos	POS	8339	SM 67:5;O2|SM 43:3;O2/24:2	12.399	825.68451	835670	10390185	[M+H]+	C48H93N2O6P	SM	ORJJHIMATMVFDD-WTNYDWNINA-N	410	True	True	0.874	0.925	0.687	2.00	2.00	2.466	6.52
VZ0000099_PL_Pos	POS	8353	DAG 36:3; DAG 18:1-18:2; [M+NH4]+	12.455	636.55640	1443977	18325751	[M+NH4]+	C39H70O5	DAG	BLZVZPYMHLXLHG-RQOIEFAZNA-N	430	True	True	0.720	0.872	0.948	4.00	0.80	1.761	197.29
VZ0000099_PL_Pos	POS	8380	PC O-50:1|PC O-34:1_16:0	12.489	746.60626	344452	4448958	[M+H]+	C42H84NO7P	EtherPC	IQLHTKSHLGLPMG-MRCUWXFGNA-N	410	True	True	0.598	0.476	0.906	2.00	2.00	2.404	11.18
VZ0000099_PL_Pos	POS	8381	SM 65:3;O2|SM 41:2;O2/24:1	12.489	799.66888	18656190	238227491	[M+H]+	C46H91N2O6P	SM	MBAHHBLKGZXGQB-WCBWETCJNA-N	410	True	True	0.860	0.911	0.691	2.00	2.00	2.461	55.63
VZ0000099_PL_Pos	POS	8413	SM 62:1;O2|SM 39:1;O2/23:0	12.610	773.65314	23217984	322255139	[M+H]+	C44H89N2O6P	SM	DZDNLWWCTCDASI-MHAUTQJVNA-N	410	True	True	0.863	0.914	0.696	2.00	2.00	2.465	526.14
VZ0000099_PL_Pos	POS	8419	SM 70:4;O2	12.621	813.68481	1688547	23825932	[M+H]+	C47H93N2O6P	SM	BNOGWSLFXDUKEI-HLEFPVAINA-N	420	True	True	0.852	0.913	0.684	2.00	1.00	1.814	23.99
VZ0000099_PL_Pos	POS	8435	PC O-70:11	12.666	874.66876	681364	8894025	[M+H]+	C52H92NO7P	EtherPC	UKJAHMZPOLMQGS-SIKAAJLYNA-N	420	True	True	0.937	0.915	0.912	2.00	1.00	1.930	16.56
VZ0000099_PL_Pos	POS	8436	PC O-62:8|PC O-40:4_22:4	12.681	824.65265	1725213	22616237	[M+H]+	C48H90NO7P	EtherPC	CVUOILXZRKGCTJ-XXXLRELONA-N	410	True	True	0.952	0.917	0.923	3.00	2.00	2.581	43.62
VZ0000099_PL_Pos	POS	8442	PC O-68:10	12.717	848.65228	450685	4840730	[M+H]+	C50H90NO7P	EtherPC	UTKRUKQRZXSAAN-CUZIJNPGNA-N	420	True	True	0.672	0.692	0.932	3.00	1.00	1.834	19.81
VZ0000099_PL_Pos	POS	8443	SM 66:2;O2	12.726	787.66925	462066	7275162	[M+H]+	C45H91N2O6P	SM	SHRLPXBZQCWKMJ-IZHYLOQSNA-N	420	True	True	0.879	0.811	0.835	2.00	1.00	1.862	12.12
VZ0000099_PL_Pos	POS	8451	PC O-58:4	12.841	772.62158	1630546	26299803	[M+H]+	C44H86NO7P	EtherPC	KACYNSNIMQHDNZ-AKMCNLDWNA-N	420	True	True	0.790	0.851	0.680	1.00	1.00	1.785	27.67
VZ0000099_PL_Pos	POS	8470	SM 68:4;O2|SM 43:3;O2/25:1	12.952	825.68475	927893	15036390	[M+H]+	C48H93N2O6P	SM	RJQFNSZZVDCZTA-VXWLXCDZNA-N	410	True	True	0.924	0.829	0.845	3.00	2.00	2.523	32.58
VZ0000099_PL_Pos	POS	8482	PC O-50:0|PC O-34:0_16:0	12.987	748.62152	1753016	22367137	[M+H]+	C42H86NO7P	EtherPC	GTFLTTXDLGEBAI-UHFFFAOYNA-N	410	True	True	0.931	0.896	0.914	2.00	2.00	2.569	59.83
VZ0000099_PL_Pos	POS	8497	PC O-68:10	13.044	848.65204	1622748	22357212	[M+H]+	C50H90NO7P	EtherPC	UTKRUKQRZXSAAN-CUZIJNPGNA-N	420	True	True	0.836	0.831	0.928	3.00	1.00	1.897	71.15
VZ0000099_PL_Pos	POS	8518	SM 64:2;O2|SM 41:2;O2/23:0	13.116	799.66876	22908134	319907790	[M+H]+	C46H91N2O6P	SM	PENYJGUXTJATDH-NBGJCBSLNA-N	410	True	True	0.862	0.917	0.690	2.00	2.00	2.463	85.63
VZ0000099_PL_Pos	POS	8528	PC O-72:12	13.158	900.68402	369301	4534086	[M+H]+	C54H94NO7P	EtherPC	UOMDXCQQKFDPTC-JJLSKNMFNA-N	420	True	True	0.837	0.919	0.654	1.00	1.00	1.799	17.73
VZ0000099_PL_Pos	POS	8553	PC O-54:2|PC O-36:1_18:1	13.384	774.63715	2738459	32608822	[M+H]+	C44H88NO7P	EtherPC	JDBBQTCNJFZWPL-LNVKXUELNA-N	410	True	True	0.931	0.913	0.914	2.00	2.00	2.572	95.18
VZ0000099_PL_Pos	POS	8562	SM 64:2;O2|SM 41:2;O2/23:0	13.472	799.66858	2432266	20498928	[M+H]+	C46H91N2O6P	SM	PENYJGUXTJATDH-NBGJCBSLNA-N	410	True	True	0.895	0.818	0.844	3.00	2.00	2.514	5.38
VZ0000099_PL_Pos	POS	8569	PC O-68:9	13.495	850.66766	27132180	187554566	[M+H]+	C50H92NO7P	EtherPC	CTDYEHIQUYBBEW-LNJNMWSONA-N	420	True	True	0.951	0.919	0.910	2.00	1.00	1.932	594.68
VZ0000099_PL_Pos	POS	8584	SM 66:3;O2|SM 42:2;O2/24:1	13.531	813.68439	16816004	99848708	[M+H]+	C47H93N2O6P	SM	SUTDVWUQTJGTCQ-IMMYYDDQNA-N	410	True	True	0.858	0.910	0.689	2.00	2.00	2.460	248.71
VZ0000099_PL_Pos	POS	8587	PC O-66:8	13.531	824.65277	19292362	124424489	[M+H]+	C48H90NO7P	EtherPC	WCIKRSMVMBTMPR-LTFXTMEVNA-N	420	True	True	0.951	0.917	0.913	2.00	1.00	1.934	506.17
VZ0000099_PL_Pos	POS	8604	SM 66:2;O2	13.575	787.66882	11202598	61299668	[M+H]+	C45H91N2O6P	SM	SHRLPXBZQCWKMJ-IZHYLOQSNA-N	420	True	True	0.910	0.826	0.846	3.00	1.00	1.877	63.15
VZ0000099_PL_Pos	POS	8626	SM 64:0;O2	13.597	775.66876	2108407	13125385	[M+H]+	C44H91N2O6P	SM	BQRZETCZQZIORJ-UHFFFAOYNA-N	420	True	True	0.821	0.866	0.683	1.00	1.00	1.797	102.29
VZ0000099_PL_Pos	POS	8652	PC 34:2	13.618	758.56946	1905367	11670457	[M+H]+	C42H80NO8P	PC	RXPVDHQFHIMZPN-AUYXYSRINA-N	420	True	True	0.850	0.798	0.795	2.00	1.00	1.837	30.86
VZ0000099_PL_Pos	POS	8657	PC 36:2	13.618	786.60101	1240616	8662572	[M+H]+	C44H84NO8P	PC	SNKAWJBJQDLSFF-YEUCEMRANA-N	420	True	True	0.841	0.846	0.831	2.00	1.00	1.860	13.03
VZ0000099_PL_Pos	POS	8699	PC O-70:10	13.661	876.68359	31345604	155349154	[M+H]+	C52H94NO7P	EtherPC	LSZCKBKNUKLYTR-BVQSZGPLNA-N	420	True	True	0.955	0.921	0.912	2.00	1.00	1.935	1295.55
VZ0000099_PL_Pos	POS	8753	PC O-66:5	13.681	826.66833	8913458	46470317	[M+H]+	C48H92NO7P	EtherPC	YBGZIEVSUWOJDE-LVPVIALKNA-N	420	True	True	0.951	0.922	0.914	2.00	1.00	1.936	263.76
VZ0000099_PL_Pos	POS	8774	PC O-62:4	13.691	800.65289	5547679	32270605	[M+H]+	C46H90NO7P	EtherPC	LZWLAEBZHPCLTJ-AKXWPXBYNA-N	420	True	True	0.931	0.910	0.911	2.00	1.00	1.928	123.42
VZ0000099_PL_Pos	POS	8776	SM 66:3;O2|SM 42:2;O2/24:1	13.691	813.68433	941395410	4924129283	[M+H]+	C47H93N2O6P	SM	SUTDVWUQTJGTCQ-IMMYYDDQNA-N	410	True	True	0.866	0.919	0.688	2.00	2.00	2.463	19275.74
VZ0000099_PL_Pos	POS	8783	PC O-66:6|PC O-42:5_24:1	13.691	850.66699	3192014	23847199	[M+H]+	C50H92NO7P	EtherPC	GBIFQKNBNCEQBC-KDQGAKSUNA-N	410	True	True	0.927	0.913	0.913	2.00	2.00	2.568	52.51
VZ0000099_PL_Pos	POS	8822	SM 62:1;O2|SM 40:1;O2/22:0	13.728	787.66876	709249886	3816111690	[M+H]+	C45H91N2O6P	SM	FJJANLYCZUNFSE-BSKJHSHCNA-N	410	True	True	0.868	0.919	0.692	2.00	2.00	2.465	21571.28
VZ0000099_PL_Pos	POS	8896	PC 38:1	13.763	816.64777	6992455	48953999	[M+H]+	C46H90NO8P	PC	PDGHHNMEFVJAAM-XDOYNYLZNA-N	420	True	True	0.800	0.818	0.815	4.00	1.00	1.839	163.47
VZ0000099_PL_Pos	POS	8949	SM 70:5;O2|SM 44:3;O2/26:2	13.821	839.69958	5964942	37327527	[M+H]+	C49H95N2O6P	SM	OCCAHYYDGGIVEM-VRFBDAIJNA-N	410	True	True	0.875	0.923	0.684	2.00	2.00	2.464	55.90
VZ0000099_PL_Pos	POS	8960	PC O-70:10	13.828	876.68384	2959021	19681268	[M+H]+	C52H94NO7P	EtherPC	LSZCKBKNUKLYTR-BVQSZGPLNA-N	420	True	True	0.859	0.790	0.922	3.00	1.00	1.891	111.86
VZ0000099_PL_Pos	POS	8966	PE O-58:6	13.840	756.58929	1414654	6404153	[M+H]+	C43H82NO7P	EtherPE	ISTKKMUAKPNLKS-JTBMWNAQNA-N	420	True	True	0.151	0.223	0.936	4.00	1.00	1.622	43.51
VZ0000099_PL_Pos	POS	8998	SM 66:2;O2|SM 42:2;O2/24:0	13.862	813.68408	349201060	1774210966	[M+H]+	C47H93N2O6P	SM	NNJDQABSYHSWLL-MFZOHDJKNA-N	410	True	True	0.869	0.920	0.688	2.00	2.00	2.464	5181.44
VZ0000099_PL_Pos	POS	9052	PC O-68:8	13.886	852.68365	5565217	29261563	[M+H]+	C50H94NO7P	EtherPC	JQXGMIGHIOGWBD-SHJNOZFHNA-N	420	True	True	0.945	0.903	0.913	2.00	1.00	1.929	431.82
VZ0000099_PL_Pos	POS	9061	PC O-66:5	13.910	826.66876	3056136	20061779	[M+H]+	C48H92NO7P	EtherPC	YBGZIEVSUWOJDE-LVPVIALKNA-N	420	True	True	0.953	0.919	0.912	2.00	1.00	1.935	95.59
VZ0000099_PL_Pos	POS	9072	DAG 36:2; DAG 18:1-18:1; [M+NH4]+	13.928	638.57184	4936886	24944623	[M+NH4]+	C39H72O5	DAG	AFSHUZFNMVJNKX-CLFAGFIQNA-N	430	True	True	0.746	0.899	0.912	3.00	0.75	1.725	389.47
VZ0000099_PL_Pos	POS	9097	PC O-68:5	13.940	864.68335	1330920	5698132	[M+H]+	C51H94NO7P	EtherPC	TXURDVSJPHNEFP-YVVGVNEPNA-N	420	True	True	0.932	0.922	0.914	2.00	1.00	1.930	49.44
VZ0000099_PL_Pos	POS	9112	SM 67:3;O2|SM 43:2;O2/24:1	13.951	827.70007	52949672	244903678	[M+H]+	C48H95N2O6P	SM	IJAYJXRHIVTBSC-CQKYAMJZNA-N	410	True	True	0.934	0.844	0.854	3.00	2.00	2.532	1493.10
VZ0000099_PL_Pos	POS	9132	SM 68:2;O2	13.984	801.68445	33684575	147181882	[M+H]+	C46H93N2O6P	SM	HQOWDNLXOWJPJP-IZHYLOQSNA-N	420	True	True	0.860	0.918	0.691	2.00	1.00	1.820	1021.76
VZ0000099_PL_Pos	POS	9138	PC O-70:9	13.984	878.69910	2501303	10944981	[M+H]+	C52H96NO7P	EtherPC	SXKPWBFXUDGUKA-BFAPQNTNNA-N	420	True	True	0.939	0.918	0.913	2.00	1.00	1.931	62.88
VZ0000099_PL_Pos	POS	9143	Cer 60:1;O2|Cer 38:1;O2/22:0	13.994	594.58191	1305130	6269470	[M+H]+	C38H75NO3	Cer_NS	RIGQYOKCOHPLTC-QOSDPKFLNA-N	410	True	True	0.642	0.685	0.914	6.00	2.00	2.462	173.94
VZ0000099_PL_Pos	POS	9144	SM 70:2;O2	13.994	815.70007	35612051	167374097	[M+H]+	C47H95N2O6P	SM	UUXKDFWLLTYNNT-IZHYLOQSNA-N	420	True	True	0.859	0.914	0.686	2.00	1.00	1.817	507.96
VZ0000099_PL_Pos	POS	9149	PC 40:2	13.994	842.66229	1681250	9289023	[M+H]+	C48H92NO8P	PC	AEUCYCQYAUFAKH-YEUCEMRANA-N	420	True	True	0.914	0.914	0.868	2.00	1.00	1.905	24.57
VZ0000099_PL_Pos	POS	9156	SM 66:0;O2	14.021	789.68439	21088400	98059991	[M+H]+	C45H93N2O6P	SM	JRQFYSUBVSFFTH-UHFFFAOYNA-N	420	True	True	0.855	0.914	0.680	1.00	1.00	1.814	581.72
VZ0000099_PL_Pos	POS	9184	HexCer-NS d40:1; HexCer-NS d18:1/22:0; [M+H]+	14.052	784.66602	7125098	32539495	[M+H]+	C46H89NO8	GlcCer_NS	YIGARKIIFOHVPF-LAPDZXRHNA-N	430	True	True	0.790	0.806	0.911	6.00	0.75	1.714	179.97
VZ0000099_PL_Pos	POS	9187	HexCer-NS d42:4; HexCer-NS d14:3/28:1; [M+H]+	14.052	806.64789	3130084	13338212	[M+H]+	C48H87NO8	GlcCer_NS	UBFLDGPCWIKTQH-QTWZTQJMNA-N	430	True	True	0.182	0.997	0.311	3.00	0.38	1.118	115.62
VZ0000099_PL_Pos	POS	9206	SM 72:3;O2	14.074	827.70001	13612403	61225381	[M+H]+	C48H95N2O6P	SM	BXCQDHNIILIQKT-OCVNVDQCNA-N	420	True	True	0.875	0.920	0.687	2.00	1.00	1.822	323.86
VZ0000099_PL_Pos	POS	9208	PC O-72:11	14.074	902.69958	5912939	29012653	[M+H]+	C54H96NO7P	EtherPC	HDMMFDZIQICGJN-UKKLTMKYNA-N	420	True	True	0.950	0.918	0.914	2.00	1.00	1.935	180.29
VZ0000099_PL_Pos	POS	9241	SM 64:1;O2|SM 41:1;O2/23:0	14.111	801.68408	388075504	1737910128	[M+H]+	C46H93N2O6P	SM	SXZWBNWTCVLZJN-NHFVQZBWNA-N	410	True	True	0.871	0.920	0.690	2.00	2.00	2.465	11885.41
VZ0000099_PL_Pos	POS	9293	HexCer-NS d42:2; HexCer-NS d18:2/24:0; [M+H]+	14.154	810.68146	1583541	7052042	[M+H]+	C48H91NO8	GlcCer_NS	RVHBZEQSKCGIES-GHQHJQBONA-N	430	True	True	0.701	0.708	0.908	6.00	0.75	1.672	25.25
VZ0000099_PL_Pos	POS	9302	PC O-58:0	14.175	776.65259	1457171	6296934	[M+H]+	C44H90NO7P	EtherPC	KRRFXAFWBWXGHS-UHFFFAOYNA-N	420	True	True	0.783	0.842	0.916	2.00	1.00	1.883	23.99
VZ0000099_PL_Pos	POS	9318	SM 72:3;O2	14.208	827.70026	7590011	38752167	[M+H]+	C48H95N2O6P	SM	BXCQDHNIILIQKT-OCVNVDQCNA-N	420	True	True	0.829	0.797	0.673	1.00	1.00	1.780	223.70
VZ0000099_PL_Pos	POS	9329	PC O-62:2	14.231	802.66833	1894273	13090626	[M+H]+	C46H92NO7P	EtherPC	RNMVEEHWZGSALB-FCQUAONHNA-N	420	True	True	0.815	0.874	0.673	1.00	1.00	1.793	77.23
VZ0000099_PL_Pos	POS	9331	PC O-70:9	14.240	878.69904	80419291	357241897	[M+H]+	C52H96NO7P	EtherPC	SXKPWBFXUDGUKA-BFAPQNTNNA-N	420	True	True	0.955	0.918	0.920	3.00	1.00	1.937	8337.51
VZ0000099_PL_Pos	POS	9346	PC O-72:8	14.261	904.71527	4543402	28974115	[M+H]+	C54H98NO7P	EtherPC	RBBISNUCSYFGAP-OEXNDLMKNA-N	420	True	True	0.946	0.920	0.912	2.00	1.00	1.933	295.29
VZ0000099_PL_Pos	POS	9350	PC O-68:8	14.273	852.68359	21092667	93144933	[M+H]+	C50H94NO7P	EtherPC	JQXGMIGHIOGWBD-SHJNOZFHNA-N	420	True	True	0.957	0.924	0.923	3.00	1.00	1.941	1772.09
VZ0000099_PL_Pos	POS	9386	SM 68:0;O2	14.333	803.70007	5136405	24517667	[M+H]+	C46H95N2O6P	SM	SHGMMFOWDHTTNK-UHFFFAOYNA-N	420	True	True	0.849	0.907	0.678	1.00	1.00	1.810	108.27
VZ0000099_PL_Pos	POS	9407	HexCer-NS d41:1; HexCer-NS d18:1/23:0; [M+H]+	14.357	798.68140	4136109	17895102	[M+H]+	C47H91NO8	GlcCer_NS	SJGWLQDELUWRDA-JMUUFCRMNA-N	430	True	True	0.700	0.722	0.906	6.00	0.75	1.674	34.93
VZ0000099_PL_Pos	POS	9424	SM 70:3;O2|SM 44:2;O2/26:1	14.365	841.71545	6827163	32403739	[M+H]+	C49H97N2O6P	SM	COJKBLRMUQCLEJ-LYGVRWTHNA-N	410	True	True	0.932	0.843	0.856	3.00	2.00	2.533	327.01
VZ0000099_PL_Pos	POS	9437	SM 66:1;O2|SM 42:1;O2/24:0	14.399	815.69971	642866144	3061007725	[M+H]+	C47H95N2O6P	SM	QEDPUVGSSDPBMD-OGSMZCTINA-N	410	True	True	0.869	0.920	0.688	2.00	2.00	2.464	9780.09
VZ0000099_PL_Pos	POS	9512	PC 34:2	14.444	758.56915	2995046	24824820	[M+H]+	C42H80NO8P	PC	RXPVDHQFHIMZPN-AUYXYSRINA-N	420	True	True	0.863	0.859	0.851	2.00	1.00	1.876	42.75
VZ0000099_PL_Pos	POS	9521	PC O-70:8	14.455	880.71515	6697356	35178387	[M+H]+	C52H98NO7P	EtherPC	GTIRUFCESMRLNB-XXXLRELONA-N	420	True	True	0.957	0.924	0.916	2.00	1.00	1.938	333.26
VZ0000099_PL_Pos	POS	9554	SM 70:2;O2|SM 44:2;O2/26:0	14.492	841.71478	3499543	16773062	[M+H]+	C49H97N2O6P	SM	SPCYSRNERQUGKU-KBYGSKCXNA-N	410	True	True	0.934	0.838	0.848	3.00	2.00	2.528	183.79
VZ0000099_PL_Pos	POS	9614	PC 42:2	14.561	870.69348	2120219	8962933	[M+H]+	C50H96NO8P	PC	LZCAQCSFNYERJW-HKOLQMFGNA-N	420	True	True	0.906	0.882	0.866	2.00	1.00	1.895	77.53
VZ0000099_PL_Pos	POS	9619	SM 67:1;O2|SM 43:1;O2/24:0	14.570	829.71545	31286586	140180881	[M+H]+	C48H97N2O6P	SM	DEAHJYCNYIJKGM-OHYVAXEENA-N	410	True	True	0.883	0.928	0.685	2.00	2.00	2.467	1802.21
VZ0000099_PL_Pos	POS	9648	PC O-72:7	14.590	906.73077	3938372	17594108	[M+H]+	C54H100NO7P	EtherPC	QMRLPXSGBKQVMZ-BOBJEXFLNA-N	420	True	True	0.949	0.922	0.913	2.00	1.00	1.934	580.03
VZ0000099_PL_Pos	POS	9653	SM 70:0;O2	14.601	817.71613	6544163	29822855	[M+H]+	C47H97N2O6P	SM	IODQAUUFSUVFJA-UHFFFAOYNA-N	420	True	True	0.913	0.852	0.873	3.00	1.00	1.895	825.08
VZ0000099_PL_Pos	POS	9661	Cer 62:1;O2|Cer 40:1;O2/22:0	14.612	622.61328	13150676	59045334	[M+H]+	C40H79NO3	Cer_NS	KEPQASGDXIEOIL-LAPDZXRHNA-N	410	True	True	0.848	0.931	0.898	5.00	2.00	2.552	1090.99
VZ0000099_PL_Pos	POS	9679	HexCer-NS d42:1; HexCer-NS d18:1/24:0; [M+H]+	14.627	812.69757	12488967	53194453	[M+H]+	C48H93NO8	GlcCer_NS	POQRWMRXUOPCLD-MHAUTQJVNA-N	430	True	True	0.860	0.846	0.913	6.00	0.75	1.739	135.85
VZ0000099_PL_Pos	POS	9682	HexCer-NS d44:4; HexCer-NS d22:2/22:2; [M+H]+	14.627	834.67957	5934041	25284190	[M+H]+	C50H91NO8	GlcCer_NS	LQEOPOHCGQMNSW-KIRGYTSSNA-N	430	True	True	0.191	0.987	0.291	3.00	0.43	1.146	278.12
VZ0000099_PL_Pos	POS	9699	SM 68:1;O2|SM 43:1;O2/25:0	14.671	829.71558	12944725	52797523	[M+H]+	C48H97N2O6P	SM	JONXXLXMISNQNG-OHYVAXEENA-N	410	True	True	0.939	0.840	0.853	3.00	2.00	2.532	466.99
VZ0000099_PL_Pos	POS	9719	PC O-62:0	14.714	804.68457	1172680	5053300	[M+H]+	C46H94NO7P	EtherPC	STVOJBHAFRLHOX-UHFFFAOYNA-N	420	True	True	0.872	0.866	0.914	2.00	1.00	1.907	54.11
VZ0000099_PL_Pos	POS	9721	PC O-68:4	14.724	856.71497	4621807	21607323	[M+H]+	C50H98NO7P	EtherPC	KRWFRQWHXGQUEP-FDGVQLEBNA-N	420	True	True	0.954	0.919	0.921	3.00	1.00	1.938	60.38
VZ0000099_PL_Pos	POS	9739	PC O-66:2	14.746	830.69946	1829131	7832527	[M+H]+	C48H96NO7P	EtherPC	ITUHKLLMNCLEGB-FCQUAONHNA-N	420	True	True	0.944	0.923	0.914	2.00	1.00	1.934	56.67
VZ0000099_PL_Pos	POS	9765	PC O-70:8	14.782	880.71503	6572669	29053604	[M+H]+	C52H98NO7P	EtherPC	GTIRUFCESMRLNB-XXXLRELONA-N	420	True	True	0.953	0.924	0.915	2.00	1.00	1.937	348.47
VZ0000099_PL_Pos	POS	9805	PC O-68:4	14.860	856.71484	2387246	11005433	[M+H]+	C50H98NO7P	EtherPC	KRWFRQWHXGQUEP-FDGVQLEBNA-N	420	True	True	0.955	0.925	0.924	3.00	1.00	1.941	31.19
VZ0000099_PL_Pos	POS	9812	Cer 64:1;O2|Cer 41:1;O2/23:0	14.872	636.62903	15438915	67301488	[M+H]+	C41H81NO3	Cer_NS	NAJHAHQNQCNWOP-JMUUFCRMNA-N	410	True	True	0.869	0.913	0.936	6.00	2.00	2.569	2481.41
VZ0000099_PL_Pos	POS	9835	SM 70:1;O2|SM 44:1;O2/26:0	14.908	843.73096	3141815	16710642	[M+H]+	C49H99N2O6P	SM	VRAWSAPVSSLIRI-MZBAEZDSNA-N	410	True	True	0.924	0.812	0.852	3.00	2.00	2.523	295.12
VZ0000099_PL_Pos	POS	9838	PC 42:1	14.908	872.71039	923626	4718860	[M+H]+	C50H98NO8P	PC	RPFJUYGHQKYVGN-HFTWOUSFNA-N	420	True	True	0.877	0.883	0.843	4.00	1.00	1.881	20.58
VZ0000099_PL_Pos	POS	9872	Cer 70:3;O2|Cer 44:2;O2/26:1	15.066	676.66058	837793	3470074	[M+H]+	C44H85NO3	Cer_NS	IBJXLRPUPQTCQS-SJWJHEOENA-N	410	True	True	0.649	0.723	0.920	6.00	2.00	2.474	120.18
VZ0000099_PL_Pos	POS	9952	PC O-66:0	15.150	832.71588	857834	3283409	[M+H]+	C48H98NO7P	EtherPC	ITGOEGIYGVMMLZ-UHFFFAOYNA-N	420	True	True	0.932	0.917	0.924	3.00	1.00	1.935	60.52
VZ0000099_PL_Pos	POS	9961	TAG 60:17; TAG 20:5-20:6-20:6; [M+NH4]+	15.163	958.69104	750156	3791378	[M+NH4]+	C63H88O6	TAG	IABFRFXMTMKFSI-KUQSJCDCNA-N	430	True	True	0.295	0.363	0.919	2.00	0.50	1.355	135.93
VZ0000099_PL_Pos	POS	9974	PC O-68:2	15.187	858.73059	1238211	6514919	[M+H]+	C50H100NO7P	EtherPC	DFTDMUXGCKHSNW-VHXPQNKSNA-N	420	True	True	0.939	0.915	0.915	2.00	1.00	1.931	62.39
VZ0000099_PL_Pos	POS	10032	TAG 46:4; TAG 12:1-16:1-18:2; [M+NH4]+	15.311	788.67645	855689	6886772	[M+NH4]+	C49H86O6	TAG	QHMNVTLWAJRMCH-INTHUXMANA-N	430	True	True	0.391	0.489	0.971	5.00	1.00	1.747	14.97
VZ0000099_PL_Pos	POS	10054	PC O-66:0	15.358	832.70245	213259	1470078	[M+H]+	C48H98NO7P	EtherPC	ITGOEGIYGVMMLZ-UHFFFAOYNA-N	420	True	True	0.932	0.917	0.924	3.00	1.00	1.796	22.38
VZ0000099_PL_Pos	POS	10067	TAG 52:8; TAG 14:1-18:2-20:5; [M+NH4]+	15.388	864.70709	500840	4697757	[M+NH4]+	C55H90O6	TAG	AFKYWJXVOYHIGI-GIXUHSHYNA-N	430	True	True	0.192	0.271	0.910	4.00	0.80	1.502	25.65
VZ0000099_PL_Pos	POS	10082	TAG 48:5; TAG 12:0-18:2-18:3; [M+NH4]+	15.413	814.69244	845681	5865805	[M+NH4]+	C51H88O6	TAG	YZANCBPXEDSKLC-QYLYPNSDNA-N	430	True	True	0.408	0.529	0.922	3.00	0.60	1.482	26.76
VZ0000099_PL_Pos	POS	10085	TAG 54:9; TAG 16:1-18:4-20:4; [M+NH4]+	15.428	890.72314	820331	5517858	[M+NH4]+	C57H92O6	TAG	DGKQHDGKKXUCLY-KRFPOUBNNA-N	430	True	True	0.235	0.362	0.929	4.00	0.80	1.540	820330.70
VZ0000099_PL_Pos	POS	10098	TAG 60:13; TAG 18:2-20:5-22:6; [M+NH4]+	15.476	966.75549	700702	4508193	[M+NH4]+	C63H96O6	TAG	BJXQMCNNNOSANE-DQJAMYFDNA-N	430	True	True	0.308	0.437	0.940	5.00	1.00	1.705	81.41
VZ0000099_PL_Pos	POS	10125	Cer 70:1;O2|Cer 44:1;O2/26:0	15.531	678.67609	2094145	12046423	[M+H]+	C44H87NO3	Cer_NS	CJROVRTUSFQVMR-NHFVQZBWNA-N	410	True	True	0.673	0.722	0.947	7.00	2.00	2.491	373.60
VZ0000099_PL_Pos	POS	10137	TAG 56:10; TAG 18:2-18:3-20:5; [M+NH4]+	15.531	916.73871	1939907	18252656	[M+NH4]+	C59H94O6	TAG	AAFWHBKWHROFLW-KFODQXHWNA-N	430	True	True	0.314	0.459	0.931	3.00	0.60	1.450	1939907.00
VZ0000099_PL_Pos	POS	10150	TAG 42:1; TAG 12:0-14:0-16:1; [M+NH4]+	15.565	738.66107	7853394	36951985	[M+NH4]+	C45H84O6	TAG	IUNZHNOOEWTPAO-GYHWCHFENA-N	430	True	True	0.213	0.256	0.946	3.00	0.60	1.392	448.29
VZ0000099_PL_Pos	POS	10170	TAG 44:2; TAG 12:1-16:0-16:1; [M+NH4]+	15.588	764.67621	10912611	56291965	[M+NH4]+	C47H86O6	TAG	UTECLCAHHWGWFP-OPUQQSENNA-N	430	True	True	0.212	0.273	0.913	3.00	0.60	1.380	2508.25
VZ0000099_PL_Pos	POS	10173	TAG 46:2; TAG 12:0-16:1-18:1; [M+NH4]+	15.588	792.70807	4346778	22294525	[M+NH4]+	C49H90O6	TAG	CAYDSUAPNUSUKZ-UHCXZRFGNA-N	430	True	True	0.243	0.378	0.944	3.00	0.60	1.423	313.78
VZ0000099_PL_Pos	POS	10176	TAG 50:6; TAG 16:1-16:3-18:2; [M+NH4]+	15.588	840.70740	1554565	16642294	[M+NH4]+	C53H90O6	TAG	HTHKWDUJCFHQAD-SUXYAVGPNA-N	430	True	True	0.273	0.377	0.945	4.00	0.80	1.558	14.27
VZ0000099_PL_Pos	POS	10185	TAG 58:11; TAG 18:2-20:4-20:5; [M+NH4]+	15.599	942.75470	5511742	38392604	[M+NH4]+	C61H96O6	TAG	OZIOZVQLZWUEAB-IGQFUTKPNA-N	430	True	True	0.375	0.567	0.935	4.00	0.80	1.617	5511742.00
VZ0000099_PL_Pos	POS	10195	TAG 46:3; TAG 12:0-16:1-18:2; [M+NH4]+	15.609	790.69232	4949909	39726164	[M+NH4]+	C49H88O6	TAG	HSKLWXMZFJQIGF-XPHXRIBMNA-N	430	True	True	0.566	0.697	0.946	4.00	0.80	1.691	184.01
VZ0000099_PL_Pos	POS	10202	TAG 48:3; TAG 14:1-16:1-18:1; [M+NH4]+	15.622	818.72260	1653750	17106369	[M+NH4]+	C51H92O6	TAG	OOYLUKXGXKESLP-AWXSRFPGNA-N	430	True	True	0.360	0.483	0.934	3.00	0.60	1.466	57.74
VZ0000099_PL_Pos	POS	10213	TAG 52:7; TAG 14:0-18:2-20:5; [M+NH4]+	15.632	866.72308	3445702	44295857	[M+NH4]+	C55H92O6	TAG	WXFNJBNSRDNXCG-QUWPIPCFNA-N	430	True	True	0.346	0.481	0.895	4.00	0.80	1.575	59.54
VZ0000099_PL_Pos	POS	10227	TAG 48:4; TAG 14:1-16:1-18:2; [M+NH4]+	15.668	816.70740	8318003	67338007	[M+NH4]+	C51H90O6	TAG	XGEWREGBBAUDOC-SYVMOJDTNA-N	430	True	True	0.250	0.314	0.948	3.00	0.60	1.412	185.30
VZ0000099_PL_Pos	POS	10231	TAG 54:8; TAG 16:2-18:2-20:4; [M+NH4]+	15.668	892.73834	7775384	62127503	[M+NH4]+	C57H94O6	TAG	NLOGAQXDESAMIW-WTMNGOSUNA-N	430	True	True	0.185	0.265	0.938	3.00	0.60	1.383	251.09
VZ0000099_PL_Pos	POS	10234	TAG 50:6; TAG 16:0-16:4-18:2; [M+NH4]+	15.677	840.70740	1540148	8668194	[M+NH4]+	C53H90O6	TAG	WBNOALFKTMFIPH-ODIVATIBNA-N	430	True	True	0.229	0.308	0.923	4.00	0.80	1.525	194.71
VZ0000099_PL_Pos	POS	10261	TAG 60:12; TAG 18:2-20:4-22:6; [M+NH4]+	15.723	968.77032	4749519	26052185	[M+NH4]+	C63H98O6	TAG	JNAYAUJVUOIRIJ-NYHJHCNSNA-N	430	True	True	0.151	0.227	0.918	3.00	0.60	1.360	579.21
VZ0000099_PL_Pos	POS	10270	TAG 50:5; TAG 14:1-18:2-18:2; [M+NH4]+	15.732	842.72260	14834207	98001204	[M+NH4]+	C53H92O6	TAG	UOLVCJQWHMRAFB-LMYKVZMBNA-N	430	True	True	0.234	0.292	0.896	2.00	0.50	1.317	140.87
VZ0000099_PL_Pos	POS	10275	TAG 56:9; TAG 18:2-18:3-20:4; [M+Na]+	15.732	923.70984	969542	9984572	[M+Na]+	C59H96O6	TAG	KCFQKWCMEIVVER-VKVJOKLGNA-N	430	True	True	0.816	0.917	0.932	4.00	1.00	1.913	72.35
VZ0000099_PL_Pos	POS	10284	TAG 58:9; TAG 18:2-20:3-20:4; [M+NH4]+	15.742	946.78595	4817345	27813833	[M+NH4]+	C61H100O6	TAG	DMDCWLNCHQGYKQ-MUTJSHERNA-N	430	True	True	0.367	0.515	0.943	3.00	0.60	1.479	235.72
VZ0000099_PL_Pos	POS	10315	TAG 56:9; TAG 16:1-18:2-22:6; [M+NH4]+	15.776	918.75427	17362151	186182805	[M+NH4]+	C59H96O6	TAG	WFYHJYHILQFBRC-JBUVGVCENA-N	430	True	True	0.381	0.535	0.908	3.00	0.60	1.471	2051.67
VZ0000099_PL_Pos	POS	10331	TAG 54:6; TAG 18:1-18:2-18:3; [M+NH4]+	15.809	896.76495	8799904	57060227	[M+NH4]+	C57H98O6	TAG	PXFPBVBCKXAEFP-QZOFRBEONA-N	430	True	True	0.469	0.587	0.939	4.00	0.80	1.618	397.61
VZ0000099_PL_Pos	POS	10335	TAG 54:7; TAG 18:2-18:2-18:3; [M+Na]+	15.820	899.70959	1664913	7796739	[M+Na]+	C57H96O6	TAG	AGCXWXCIGWPQGW-FBIPNAFWNA-N	430	True	True	0.848	0.914	0.947	3.00	1.00	1.926	36.37
VZ0000099_PL_Pos	POS	10366	TAG 58:10; TAG 18:2-18:2-22:6; [M+NH4]+	15.852	944.77039	28698004	179455630	[M+NH4]+	C61H98O6	TAG	HIFJUYSQDGCSIO-HEDNGCHZNA-N	430	True	True	0.146	0.205	0.896	2.00	0.50	1.280	1261.40
VZ0000099_PL_Pos	POS	10383	TAG 49:4; TAG 15:1-16:1-18:2; [M+NH4]+	15.865	830.72363	1754392	18083586	[M+NH4]+	C52H92O6	TAG	QQATXEVUDLLGLH-YEVDCTFONA-N	430	True	True	0.453	0.563	0.970	5.00	1.00	1.776	65.72
VZ0000099_PL_Pos	POS	10395	TAG 52:6; TAG 16:0-18:2-18:4; [M+NH4]+	15.874	868.73828	29735465	242251359	[M+NH4]+	C55H94O6	TAG	WXEJGOINRQAOEB-JFOXWQMCNA-N	430	True	True	0.354	0.485	0.949	4.00	0.80	1.600	777.68
VZ0000099_PL_Pos	POS	10402	TAG 42:0; TAG 12:0-14:0-16:0; [M+NH4]+	15.904	740.67664	1974785	11603831	[M+NH4]+	C45H86O6	TAG	PGZSAELMQZLYOA-UHFFFAOYNA-N	430	True	True	0.635	0.745	0.923	3.00	0.60	1.577	115.57
VZ0000099_PL_Pos	POS	10405	TAG 44:1; TAG 12:0-14:0-18:1; [M+NH4]+	15.904	766.69189	9692123	49804714	[M+NH4]+	C47H88O6	TAG	ALGMTANOGYTBDE-VZCXRCSSNA-N	430	True	True	0.594	0.721	0.948	3.00	0.60	1.574	334.35
VZ0000099_PL_Pos	POS	10412	TAG 51:5; TAG 15:0-18:2-18:3; [M+NH4]+	15.917	856.73853	3831698	37834336	[M+NH4]+	C54H94O6	TAG	WSSCFZXZCYQEMS-IXXGKOKVNA-N	430	True	True	0.473	0.612	0.951	4.00	0.80	1.654	50.06
VZ0000099_PL_Pos	POS	10416	TAG 46:2; TAG 14:1-16:0-16:1; [M+NH4]+	15.927	792.70752	23093610	128421078	[M+NH4]+	C49H90O6	TAG	BBLKMLHWBNFFJE-YIFMJORUNA-N	430	True	True	0.303	0.357	0.915	3.00	0.60	1.419	1666.59
VZ0000099_PL_Pos	POS	10434	TAG 48:3; TAG 14:1-16:1-18:1; [M+NH4]+	15.948	818.72308	67980615	376281275	[M+NH4]+	C51H92O6	TAG	OOYLUKXGXKESLP-AWXSRFPGNA-N	430	True	True	0.287	0.344	0.911	3.00	0.60	1.411	67980620.00
VZ0000099_PL_Pos	POS	10437	TAG 48:3; TAG 14:0-16:1-18:2; [M+Na]+	15.948	823.67889	3056185	15095631	[M+Na]+	C51H92O6	TAG	GNSSLMOBGUWUHC-BBYZJILNNA-N	430	True	True	0.799	0.895	0.922	4.00	1.00	1.901	148.02
VZ0000099_PL_Pos	POS	10456	TAG 54:7; TAG 16:1-18:2-20:4; [M+Na]+	15.959	899.70984	2228851	14130771	[M+Na]+	C57H96O6	TAG	LHOLWTONVPEBPC-KNDCSRANNA-N	430	True	True	0.830	0.922	0.939	4.00	1.00	1.920	48.68
VZ0000099_PL_Pos	POS	10462	TAG 54:7; TAG 16:0-18:2-20:5; [M+NH4]+	15.970	894.75415	48508726	333643209	[M+NH4]+	C57H96O6	TAG	FCONRUOZUBBRAN-IQIFYHNNNA-N	430	True	True	0.399	0.559	0.900	4.00	0.80	1.605	3250.26
VZ0000099_PL_Pos	POS	10465	TAG 56:8; TAG 18:2-18:2-20:4; [M+NH4]+	15.970	920.76996	77496545	487423336	[M+NH4]+	C59H98O6	TAG	SFRYBXSVNJEWEH-OTSYZDSKNA-N	430	True	True	0.193	0.259	0.919	2.00	0.50	1.312	6107.18
VZ0000099_PL_Pos	POS	10469	TAG 56:8; TAG 18:2-18:2-20:4; [M+Na]+	15.970	925.72577	3730823	23059269	[M+Na]+	C59H98O6	TAG	SFRYBXSVNJEWEH-OTSYZDSKNA-N	430	True	True	0.840	0.908	0.940	3.00	1.00	1.920	3663390.00
VZ0000099_PL_Pos	POS	10490	TAG 58:10; TAG 16:0-20:4-22:6; [M+NH4]+	15.981	944.77008	5198816	22308894	[M+NH4]+	C61H98O6	TAG	NHBNAMRVBWRRAL-YBGJOTJXNA-N	430	True	True	0.443	0.653	0.925	3.00	0.60	1.517	234.84
VZ0000099_PL_Pos	POS	10503	TAG 50:4; TAG 16:1-16:1-18:2; [M+Na]+	15.992	849.69366	5283857	35870599	[M+Na]+	C53H94O6	TAG	RHRCBOCRXHUAJG-AQTXVFEXNA-N	430	True	True	0.765	0.886	0.938	3.00	1.00	1.898	329.37
VZ0000099_PL_Pos	POS	10543	TAG 52:5; TAG 16:0-18:2-18:3; [M+Na]+	16.047	875.70935	9671997	90907214	[M+Na]+	C55H96O6	TAG	DWJFHJOYYJJEBL-IXXGKOKVNA-N	430	True	True	0.820	0.904	0.933	4.00	1.00	1.911	933.01
VZ0000099_PL_Pos	POS	10558	TAG 52:5; TAG 16:2-18:1-18:2; [M+NH4]+	16.058	870.75397	230481561	2171714922	[M+NH4]+	C55H96O6	TAG	PSTQHNMESLUYES-NFTBDUGKNA-N	430	True	True	0.273	0.340	0.900	3.00	0.60	1.402	42997.48
VZ0000099_PL_Pos	POS	10563	TAG 53:6; TAG 15:0-18:2-20:4; [M+NH4]+	16.058	882.75391	3460758	29074892	[M+NH4]+	C56H96O6	TAG	VBINZJRPQKTNIM-LZCCRMFPNA-N	430	True	True	0.455	0.614	0.912	5.00	1.00	1.762	145.71
VZ0000099_PL_Pos	POS	10579	TAG 55:7; TAG 17:1-18:2-20:4; [M+NH4]+	16.070	908.76996	3810520	30635170	[M+NH4]+	C58H98O6	TAG	QEVAHDOWWMOIBB-KILFPHNQNA-N	430	True	True	0.421	0.578	0.922	4.00	0.80	1.623	23.83
VZ0000099_PL_Pos	POS	10597	TAG 47:2; TAG 14:0-15:0-18:2; [M+NH4]+	16.080	806.72339	4164170	26321941	[M+NH4]+	C50H92O6	TAG	QRAANUWZVYQKNF-TXMPEXPYNA-N	430	True	True	0.451	0.530	0.944	3.00	0.60	1.500	431.50
VZ0000099_PL_Pos	POS	10599	TAG 54:6; TAG 18:1-18:2-18:3; [M+NH4]+	16.080	896.76990	170875623	993156417	[M+NH4]+	C57H98O6	TAG	PXFPBVBCKXAEFP-QZOFRBEONA-N	430	True	True	0.434	0.539	0.898	3.00	0.60	1.479	6653.86
VZ0000099_PL_Pos	POS	10602	TAG 54:6; TAG 18:2-18:2-18:2; [M+Na]+	16.080	901.72589	6602270	38674098	[M+Na]+	C57H98O6	TAG	YLJZNIRHIYWHQC-CRDRQGJOSA-N	430	True	True	0.868	0.900	0.930	2.00	1.00	1.920	6324667.00
VZ0000099_PL_Pos	POS	10606	TAG 56:8; TAG 16:1-18:2-22:5; [M+NH4]+	16.080	920.76996	71880593	373469215	[M+NH4]+	C59H98O6	TAG	HIGLZNSRWKWGRK-HTSIALJQNA-N	430	True	True	0.261	0.358	0.921	3.00	0.60	1.413	4306.61
VZ0000099_PL_Pos	POS	10608	TAG 56:8; TAG 16:0-18:2-22:6; [M+Na]+	16.080	925.72607	2873175	15034421	[M+Na]+	C59H98O6	TAG	QVEJXKXYAGMVMA-GPKNQBKENA-N	430	True	True	0.844	0.907	0.938	4.00	1.00	1.920	2873175.00
VZ0000099_PL_Pos	POS	10622	TAG 58:9; TAG 18:1-18:2-22:6; [M+NH4]+	16.102	946.78607	61622301	398691871	[M+NH4]+	C61H100O6	TAG	QKSIFFQPXZXVPR-TXZXGWCXNA-N	430	True	True	0.457	0.633	0.912	4.00	0.80	1.639	3021.13
VZ0000099_PL_Pos	POS	10637	TAG 49:3; TAG 15:0-16:1-18:2; [M+NH4]+	16.113	832.73907	14225518	85582863	[M+NH4]+	C52H94O6	TAG	JSBDCQMRWBCXHP-HFOXUMMFNA-N	430	True	True	0.624	0.752	0.946	3.00	0.60	1.586	991.21
VZ0000099_PL_Pos	POS	10644	TAG 60:10; TAG 18:1-20:4-22:5; [M+NH4]+	16.113	972.80188	8213874	43282301	[M+NH4]+	C63H102O6	TAG	XPRIEXJXLXJFEI-RPVMVMLQNA-N	430	True	True	0.397	0.580	0.909	4.00	0.80	1.613	344.65
VZ0000099_PL_Pos	POS	10669	TAG 51:4; TAG 16:1-17:2-18:1; [M+NH4]+	16.156	858.75391	30647447	198777619	[M+NH4]+	C54H96O6	TAG	SDWROEWYXFCSKZ-MKPLTUFGNA-N	430	True	True	0.160	0.193	0.903	3.00	0.60	1.347	1539.66
VZ0000099_PL_Pos	POS	10687	CE 20:5	16.180	688.60266	3837015	14377237	[M+NH4]+	C47H74O2	CE	XZFUGMCJZFRBKF-BDJFIEMMSA-N	410	True	True	0.640	0.699	0.899	5.00	2.00	2.457	183.13
VZ0000099_PL_Pos	POS	10693	TAG 53:5; TAG 17:1-18:2-18:2; [M+NH4]+	16.180	884.77008	14779209	90977352	[M+NH4]+	C56H98O6	TAG	AURJQWHMZBLBDL-KQFCDIKPNA-N	430	True	True	0.632	0.802	0.912	2.00	0.50	1.519	76.43
VZ0000099_PL_Pos	POS	10706	TAG 55:7; TAG 15:0-18:2-22:5; [M+NH4]+	16.190	908.77020	3300054	15871394	[M+NH4]+	C58H98O6	TAG	HBGACANTWMPJJA-ZKPODOGVNA-N	430	True	True	0.288	0.405	0.920	4.00	0.80	1.557	22.56
VZ0000099_PL_Pos	POS	10717	TAG 54:6; TAG 16:0-18:2-20:4; [M+Na]+	16.200	901.72552	9151045	55088528	[M+Na]+	C57H98O6	TAG	QSPYSPLEBBTWJE-CBFDOWQBNA-N	430	True	True	0.849	0.927	0.941	4.00	1.00	1.927	9056775.00
VZ0000099_PL_Pos	POS	10736	TAG 54:6; TAG 18:1-18:2-18:3; [M+NH4]+	16.211	896.76990	230769502	1449123951	[M+NH4]+	C57H98O6	TAG	PXFPBVBCKXAEFP-QZOFRBEONA-N	430	True	True	0.238	0.331	0.899	3.00	0.60	1.393	9547.13
VZ0000099_PL_Pos	POS	10749	TAG 56:7; TAG 18:1-18:2-20:4; [M+Na]+	16.211	927.74097	10783006	59145463	[M+Na]+	C59H100O6	TAG	SWMNCGDYDOSPOP-WJTOUQSSNA-N	430	True	True	0.825	0.903	0.936	4.00	1.00	1.914	403.87
VZ0000099_PL_Pos	POS	10757	TAG 58:8; TAG 18:1-18:2-22:5; [M+NH4]+	16.211	948.80194	23281435	108799555	[M+NH4]+	C61H102O6	TAG	DHJYKLKHBIOJDA-YDQBNGOGNA-N	430	True	True	0.540	0.719	0.965	5.00	1.00	1.826	1175.46
VZ0000099_PL_Pos	POS	10767	TAG 60:10; TAG 18:1-20:4-22:5; [M+NH4]+	16.211	972.80182	6341700	39638387	[M+NH4]+	C63H102O6	TAG	XPRIEXJXLXJFEI-RPVMVMLQNA-N	430	True	True	0.426	0.596	0.932	5.00	1.00	1.761	351.73
VZ0000099_PL_Pos	POS	10768	TAG 60:8; TAG 18:1-20:3-22:4; [M+NH4]+	16.211	976.83423	3372719	19068475	[M+NH4]+	C63H106O6	TAG	JAMRUMMFYJRPMU-XBUOLERBNA-N	430	True	True	0.278	0.357	0.940	3.00	0.60	1.424	211.35
VZ0000099_PL_Pos	POS	10784	TAG 46:1; TAG 12:0-16:0-18:1; [M+NH4]+	16.222	794.72333	29629127	127912756	[M+NH4]+	C49H92O6	TAG	ZRJSMOKKHFDLDI-VZCXRCSSNA-N	430	True	True	0.651	0.749	0.942	3.00	0.60	1.589	876.82
VZ0000099_PL_Pos	POS	10808	TAG 48:2; TAG 14:0-16:0-18:2; [M+NH4]+	16.244	820.73883	164341280	815777920	[M+NH4]+	C51H94O6	TAG	HUAFGDPJQVZKDZ-TXMPEXPYNA-N	430	True	True	0.598	0.692	0.945	3.00	0.60	1.567	5247.13
VZ0000099_PL_Pos	POS	10833	TAG 50:3; TAG 16:0-16:1-18:2; [M+NH4]+	16.266	846.75397	633574772	3126862709	[M+NH4]+	C53H96O6	TAG	DQDPOOOZAMWWOY-WTGFFXNQNA-N	430	True	True	0.362	0.422	0.907	3.00	0.60	1.441	16021.41
VZ0000099_PL_Pos	POS	10839	TAG 50:3; TAG 16:0-16:1-18:2; [M+Na]+	16.266	851.70959	14541319	72682755	[M+Na]+	C53H96O6	TAG	DQDPOOOZAMWWOY-WTGFFXNQNA-N	430	True	True	0.814	0.895	0.928	4.00	1.00	1.906	1479.63
VZ0000099_PL_Pos	POS	10875	CE 22:6	16.299	714.61823	7079724	32742281	[M+NH4]+	C49H76O2	CE	VOEVEGPMRIYYKC-HNJOWPRISA-N	410	True	True	0.689	0.814	0.901	5.00	2.00	2.493	417.84
VZ0000099_PL_Pos	POS	10895	TAG 52:4; TAG 16:0-18:2-18:2; [M+Na]+	16.310	877.72479	27033245	188466361	[M+Na]+	C55H98O6	TAG	UAWKISGGTGCUMP-HTUQFOBENA-N	430	True	True	0.835	0.898	0.935	3.00	1.00	1.914	5147.82
VZ0000099_PL_Pos	POS	10927	TAG 54:5; TAG 18:1-18:2-18:2; [M+Na]+	16.332	903.74084	11746526	81485071	[M+Na]+	C57H100O6	TAG	POVFMDGBZDJLAN-BHFHHPLZNA-N	430	True	True	0.859	0.923	0.947	3.00	1.00	1.930	257.76
VZ0000099_PL_Pos	POS	10929	TAG 55:6; TAG 17:1-18:1-20:4; [M+NH4]+	16.332	910.78619	8458029	61911773	[M+NH4]+	C58H100O6	TAG	AMHZMIWFTPLBNR-KESFRCGYNA-N	430	True	True	0.425	0.542	0.939	5.00	1.00	1.753	887.88
VZ0000099_PL_Pos	POS	10933	TAG 56:5; TAG 18:1-18:2-20:2; [M+NH4]+	16.332	926.81696	63272710	364016183	[M+NH4]+	C59H104O6	TAG	XOBSYDDZBBHRQA-AJVFMDHANA-N	430	True	True	0.457	0.542	0.910	3.00	0.60	1.489	2279.22
VZ0000099_PL_Pos	POS	10948	TAG 56:7; TAG 16:0-18:1-22:6; [M+NH4]+	16.354	922.78546	91207348	442987759	[M+NH4]+	C59H100O6	TAG	DNTWVXNMAFTXDU-KSLGMIIPNA-N	430	True	True	0.567	0.758	0.897	3.00	0.60	1.553	10550.70
VZ0000099_PL_Pos	POS	10953	TAG 58:8; TAG 18:1-20:3-20:4; [M+NH4]+	16.354	948.80157	45925751	309932056	[M+NH4]+	C61H102O6	TAG	UMIOJAZEJAXFCD-PGFSFBPHNA-N	430	True	True	0.154	0.201	0.935	3.00	0.60	1.362	4537.24
VZ0000099_PL_Pos	POS	10958	TAG 60:9; TAG 18:0-20:4-22:5; [M+NH4]+	16.354	974.81726	5167944	53986960	[M+NH4]+	C63H104O6	TAG	VDTUMEBCKWSEJW-OOPUMZAJNA-N	430	True	True	0.384	0.564	0.923	3.00	0.60	1.484	397.56
VZ0000099_PL_Pos	POS	10974	TAG 47:1; TAG 14:0-15:0-18:1; [M+NH4]+	16.376	808.73889	6317813	34590757	[M+NH4]+	C50H94O6	TAG	ZRADZZUWHHIFJP-QOCHGBHMNA-N	430	True	True	0.607	0.703	0.946	3.00	0.60	1.572	121.51
VZ0000099_PL_Pos	POS	11003	TAG 49:2; TAG 15:0-16:1-18:1; [M+NH4]+	16.398	834.75439	42315915	222515055	[M+NH4]+	C52H96O6	TAG	ZUCOGYDNXQBIGI-ZUPZETNFNA-N	430	True	True	0.291	0.333	0.901	3.00	0.60	1.405	353.90
VZ0000099_PL_Pos	POS	11034	TAG 51:3; TAG 16:1-17:1-18:1; [M+NH4]+	16.419	860.76953	130843933	610358125	[M+NH4]+	C54H98O6	TAG	LWTDEAHEBKFIOR-DOKDQNAQNA-N	430	True	True	0.246	0.288	0.929	3.00	0.60	1.397	16335.82
VZ0000099_PL_Pos	POS	11038	TAG 51:3; TAG 15:0-18:1-18:2; [M+Na]+	16.419	865.72522	5261997	24674346	[M+Na]+	C54H98O6	TAG	CYSYJKJDVJLYTD-KDHVXLOFNA-N	430	True	True	0.808	0.892	0.929	4.00	1.00	1.905	556.99
VZ0000099_PL_Pos	POS	11054	TAG 53:4; TAG 17:1-18:1-18:2; [M+NH4]+	16.430	886.78552	58180284	335542940	[M+NH4]+	C56H100O6	TAG	QRDLWPASSJSSME-XMOCMKDKNA-N	430	True	True	0.702	0.854	0.948	3.00	0.60	1.625	1433.34
VZ0000099_PL_Pos	POS	11078	TAG 58:7; TAG 18:0-18:2-22:5; [M+NH4]+	16.452	950.81750	36809967	235284503	[M+NH4]+	C61H104O6	TAG	MXXYIXSMSNWPBV-IBAAARMINA-N	430	True	True	0.371	0.502	0.909	3.00	0.60	1.462	23878730.00
VZ0000099_PL_Pos	POS	11094	TAG 55:5; TAG 18:1-18:2-19:2; [M+NH4]+	16.463	912.80157	5721219	35966511	[M+NH4]+	C58H102O6	TAG	SXGUOYDTPHMXAE-NZUUVUFRNA-N	430	True	True	0.503	0.592	0.948	5.00	1.00	1.784	229.23
VZ0000099_PL_Pos	POS	11097	TAG 56:6; TAG 16:0-18:1-22:5; [M+NH4]+	16.463	924.80103	334587423	2217488376	[M+NH4]+	C59H102O6	TAG	LXKOOMKDVRTCPD-BZAHDIOMNA-N	430	True	True	0.218	0.273	0.919	3.00	0.60	1.384	42656.49
VZ0000099_PL_Pos	POS	11102	TAG 56:6; TAG 18:1-18:1-20:4; [M+Na]+	16.463	929.75641	18583398	99895238	[M+Na]+	C59H102O6	TAG	SSSYEBQOMVLJEC-FYUZBIDINA-N	430	True	True	0.849	0.915	0.935	3.00	1.00	1.921	821.05
VZ0000099_PL_Pos	POS	11136	CE 20:4	16.474	690.61847	90125005	354152098	[M+NH4]+	C47H76O2	CE	IMXSFYNMSOULQS-BEDFLICRSA-N	410	True	True	0.682	0.823	0.903	5.00	2.00	2.495	3886.53
VZ0000099_PL_Pos	POS	11147	TAG 54:5; TAG 18:1-18:1-18:3; [M+NH4]+	16.474	898.78552	286130563	1368825549	[M+NH4]+	C57H100O6	TAG	UJDONMWTIRBOTM-VORWTQTRNA-N	430	True	True	0.111	0.149	0.917	2.00	0.50	1.270	50629.41
VZ0000099_PL_Pos	POS	11149	TAG 54:5; TAG 16:0-18:1-20:4; [M+Na]+	16.474	903.74097	15831466	68821085	[M+Na]+	C57H100O6	TAG	WKSLEDJKCJNITP-DEOATQBANA-N	430	True	True	0.863	0.931	0.947	4.00	1.00	1.933	378.40
VZ0000099_PL_Pos	POS	11220	TAG 50:2; TAG 16:0-16:1-18:1; [M+Na]+	16.519	853.72485	11778811	58406757	[M+Na]+	C53H98O6	TAG	URPCLMPOIWCNBL-QSZZZDORNA-N	430	True	True	0.813	0.899	0.934	4.00	1.00	1.909	721.00
VZ0000099_PL_Pos	POS	11237	TAG 48:1; TAG 14:0-16:0-18:1; [M+NH4]+	16.530	822.75439	101994089	438468585	[M+NH4]+	C51H96O6	TAG	UPTISBGEYYYCRS-QOCHGBHMNA-N	430	True	True	0.767	0.886	0.940	3.00	0.60	1.642	3566.89
VZ0000099_PL_Pos	POS	11243	TAG 50:2; TAG 16:0-16:1-18:1; [M+NH4]+	16.530	848.76965	743447264	3743427072	[M+NH4]+	C53H98O6	TAG	URPCLMPOIWCNBL-QSZZZDORNA-N	430	True	True	0.764	0.884	0.949	4.00	0.80	1.773	120994.40
VZ0000099_PL_Pos	POS	11281	TAG 50:0; TAG 16:0-16:0-18:0; [M+Na]+	16.563	857.75739	4693322	22865602	[M+Na]+	C53H102O6	TAG	DQKMNCLZNGAXNX-UHFFFAOYNA-N	430	True	True	0.538	0.780	0.929	3.00	1.00	1.824	587.90
VZ0000099_PL_Pos	POS	11319	TAG 52:3; TAG 16:0-18:1-18:2; [M+Na]+	16.585	879.74078	24169097	182168713	[M+Na]+	C55H100O6	TAG	PFTMZNUFSPJEJR-KDHVXLOFNA-N	430	True	True	0.829	0.900	0.935	4.00	1.00	1.913	1017.93
VZ0000099_PL_Pos	POS	11332	TAG 56:4; TAG 18:1-18:1-20:2; [M+NH4]+	16.599	928.83270	67923036	398433670	[M+NH4]+	C59H106O6	TAG	YYLWOHSMTQQTBX-UYTRXKGHNA-N	430	True	True	0.426	0.523	0.919	2.00	0.50	1.418	6866.04
VZ0000099_PL_Pos	POS	11345	TAG 54:4; TAG 18:1-18:1-18:2; [M+Na]+	16.618	905.75665	15657195	92562689	[M+Na]+	C57H102O6	TAG	XIKRLPVGWJXBJH-QFACYJBGNA-N	430	True	True	0.841	0.904	0.935	3.00	1.00	1.917	1537.40
VZ0000099_PL_Pos	POS	11431	CE 18:2	16.673	666.61835	161175704	703768324	[M+NH4]+	C45H76O2	CE	NAACPBBQTFFYQB-LJAITQKLSA-N	410	True	True	0.598	0.620	0.901	5.00	2.00	2.432	4096.33
VZ0000099_PL_Pos	POS	11445	TAG 49:1; TAG 15:0-16:0-18:1; [M+NH4]+	16.673	836.76947	26566002	152562790	[M+NH4]+	C52H98O6	TAG	KWXJMBTWCDOOOM-QOCHGBHMNA-N	430	True	True	0.778	0.889	0.946	3.00	0.60	1.647	2505.29
VZ0000099_PL_Pos	POS	11474	TAG 51:2; TAG 16:0-17:1-18:1; [M+NH4]+	16.684	862.78491	118548867	615752770	[M+NH4]+	C54H100O6	TAG	WHWWSPAFLPLISL-LIZOOBNRNA-N	430	True	True	0.662	0.766	0.928	3.00	0.60	1.588	3194.81
VZ0000099_PL_Pos	POS	11477	TAG 51:2; TAG 15:0-18:1-18:1; [M+Na]+	16.684	867.74054	5698477	29399560	[M+Na]+	C54H100O6	TAG	LUGDNKTVMCHPQX-IKJQKJQYNA-N	430	True	True	0.833	0.897	0.930	3.00	1.00	1.911	107.96
VZ0000099_PL_Pos	POS	11489	TAG 53:3; TAG 17:0-18:1-18:2; [M+NH4]+	16.695	888.80103	88652719	545015550	[M+NH4]+	C56H102O6	TAG	JCUUGUUICZELJG-KDHVXLOFNA-N	430	True	True	0.677	0.812	0.942	3.00	0.60	1.608	5067.50
VZ0000099_PL_Pos	POS	11496	CE 20:3	16.706	692.63397	8727203	37906708	[M+NH4]+	C47H78O2	CE	MLPRJPSMAFZPLA-BBFGHUFCSA-N	410	True	True	0.683	0.812	0.903	5.00	2.00	2.493	382.64
VZ0000099_PL_Pos	POS	11497	TAG 53:3; TAG 17:0-18:1-18:2; [M+Na]+	16.706	893.75653	4894910	27221238	[M+Na]+	C56H102O6	TAG	JCUUGUUICZELJG-KDHVXLOFNA-N	430	True	True	0.816	0.908	0.927	4.00	1.00	1.909	561.40
VZ0000099_PL_Pos	POS	11517	TAG 55:4; TAG 18:1-18:2-19:1; [M+NH4]+	16.718	914.81714	10444481	65623560	[M+NH4]+	C58H104O6	TAG	MUPLOFIEWBEBDZ-GMWWFSEGNA-N	430	True	True	0.582	0.688	0.953	4.00	0.80	1.695	1995.31
VZ0000099_PL_Pos	POS	11535	TAG 58:6; TAG 18:0-18:1-22:5; [M+NH4]+	16.731	952.83313	26997935	208721451	[M+NH4]+	C61H106O6	TAG	KSVKMWRSSYNZCW-TZCDAHSONA-N	430	True	True	0.466	0.606	0.943	4.00	0.80	1.648	853.26
VZ0000099_PL_Pos	POS	11571	TAG 56:5; TAG 18:0-18:1-20:4; [M+Na]+	16.750	931.77234	8211808	56022507	[M+Na]+	C59H104O6	TAG	YGKXJDDGNQKJPT-VJGSDHLSNA-N	430	True	True	0.868	0.932	0.943	4.00	1.00	1.932	8211808.00
VZ0000099_PL_Pos	POS	11586	TAG 56:5; TAG 18:0-18:1-20:4; [M+NH4]+	16.761	926.81659	206518579	1387274460	[M+NH4]+	C59H104O6	TAG	YGKXJDDGNQKJPT-VJGSDHLSNA-N	430	True	True	0.245	0.333	0.908	3.00	0.60	1.398	8074.96
VZ0000099_PL_Pos	POS	11618	TAG 50:1; TAG 16:0-16:0-18:1; [M+NH4]+	16.816	850.78503	363011851	1774116028	[M+NH4]+	C53H100O6	TAG	ZKEWGTVAIGJNBK-QOCHGBHMNA-N	430	True	True	0.800	0.911	0.912	2.00	0.50	1.578	75382.58
VZ0000099_PL_Pos	POS	11628	TAG 52:2; TAG 16:0-18:1-18:1; [M+NH4]+	16.816	876.80103	2096202992	10525615841	[M+NH4]+	C55H102O6	TAG	NJWLXJXDVKOEOP-IKJQKJQYNA-N	430	True	True	0.779	0.909	0.908	2.00	0.50	1.572	117367.90
VZ0000099_PL_Pos	POS	11640	TAG 52:2; TAG 16:0-18:1-18:1; [M+Na]+	16.816	881.75653	18493785	127512055	[M+Na]+	C55H102O6	TAG	NJWLXJXDVKOEOP-IKJQKJQYNA-N	430	True	True	0.847	0.915	0.945	3.00	1.00	1.925	2031.47
VZ0000099_PL_Pos	POS	11656	TAG 50:1; TAG 16:0-16:0-18:1; [M+Na]+	16.827	855.73938	2589098	15828233	[M+Na]+	C53H100O6	TAG	ZKEWGTVAIGJNBK-QOCHGBHMNA-N	430	True	True	0.861	0.917	0.946	3.00	1.00	1.924	87.76
VZ0000099_PL_Pos	POS	11670	TAG 54:3; TAG 18:1-18:1-18:1; [M+Na]+	16.849	907.77228	10201018	76923160	[M+Na]+	C57H104O6	TAG	JSSROPRCXOAGCW-BUTYCLJRSA-N	430	True	True	0.830	0.890	0.928	2.00	1.00	1.909	172.84
VZ0000099_PL_Pos	POS	11694	TAG 56:4; TAG 18:1-18:2-20:1; [M+NH4]+	16.871	928.83282	41503535	322338723	[M+NH4]+	C59H106O6	TAG	HJTVQGCEWGLLJL-VCFWUCCFNA-N	430	True	True	0.620	0.735	0.933	4.00	0.80	1.704	4516.62
VZ0000099_PL_Pos	POS	11722	TAG 52:3; TAG 16:0-18:1-18:2; [M+NH4]+	16.904	874.78552	5964628	49087973	[M+NH4]+	C55H100O6	TAG	PFTMZNUFSPJEJR-KDHVXLOFNA-N	430	True	True	0.694	0.830	0.948	3.00	0.60	1.618	256.13
VZ0000099_PL_Pos	POS	11742	TAG 51:1; TAG 16:0-17:0-18:1; [M+NH4]+	16.926	864.80090	30204942	191672234	[M+NH4]+	C54H102O6	TAG	FCWXNRYUXIEVJC-QOCHGBHMNA-N	430	True	True	0.780	0.889	0.950	3.00	0.60	1.649	1540.89
VZ0000099_PL_Pos	POS	11748	TAG 58:5; TAG 16:0-20:2-22:3; [M+NH4]+	16.926	954.84869	7824014	63278486	[M+NH4]+	C61H108O6	TAG	UXSVABSSUDJMIN-NTBFVYIFNA-N	430	True	True	0.357	0.436	0.905	3.00	0.60	1.443	901.91
VZ0000099_PL_Pos	POS	11766	TAG 53:2; TAG 17:0-18:1-18:1; [M+NH4]+	16.937	890.81665	85518051	551904278	[M+NH4]+	C56H104O6	TAG	UCFUHDDQQGBXAB-IKJQKJQYNA-N	430	True	True	0.265	0.303	0.908	2.00	0.50	1.332	17327.12
VZ0000099_PL_Pos	POS	11770	TAG 55:3; TAG 18:1-18:1-19:1; [M+NH4]+	16.937	916.83282	14009001	113381364	[M+NH4]+	C58H106O6	TAG	MAKQQPHBUNHYGM-ROROFROQNA-N	430	True	True	0.680	0.800	0.904	2.00	0.50	1.526	345.17
VZ0000099_PL_Pos	POS	11785	TAG 53:2; TAG 17:0-18:1-18:1; [M+Na]+	16.949	895.77252	4261765	21661400	[M+Na]+	C56H104O6	TAG	UCFUHDDQQGBXAB-IKJQKJQYNA-N	430	True	True	0.841	0.909	0.938	3.00	1.00	1.920	4261764.00
VZ0000099_PL_Pos	POS	11875	CE 18:1	16.993	668.63434	25660157	107092366	[M+NH4]+	C45H78O2	CE	RJECHNNFRHZQKU-RMUVNZEASA-N	410	True	True	0.670	0.778	0.905	5.00	2.00	2.484	732.12
VZ0000099_PL_Pos	POS	11937	TAG 54:2; TAG 18:0-18:1-18:1; [M+Na]+	17.068	909.78796	9677489	47492137	[M+Na]+	C57H106O6	TAG	HWYGJLSOHLGKDX-UZTWDUGDNA-N	430	True	True	0.849	0.917	0.939	3.00	1.00	1.923	411.55
VZ0000099_PL_Pos	POS	11940	TAG 56:3; TAG 18:1-18:1-20:1; [M+NH4]+	17.068	930.84839	52927186	277335141	[M+NH4]+	C59H108O6	TAG	DVVVWSWPMOHCJM-ANKPWZAQNA-N	430	True	True	0.680	0.784	0.911	2.00	0.50	1.525	3299.94
VZ0000099_PL_Pos	POS	11959	TAG 52:1; TAG 16:0-18:0-18:1; [M+NH4]+	17.079	878.81653	172468545	771273955	[M+NH4]+	C55H104O6	TAG	RBJMAKBTUZSIDN-QOCHGBHMNA-N	430	True	True	0.822	0.935	0.950	3.00	0.60	1.668	6368.56
VZ0000099_PL_Pos	POS	11964	TAG 52:1; TAG 16:0-18:0-18:1; [M+Na]+	17.079	883.77216	4136384	20555833	[M+Na]+	C55H104O6	TAG	RBJMAKBTUZSIDN-QOCHGBHMNA-N	430	True	True	0.831	0.908	0.935	4.00	1.00	1.916	159.86
VZ0000099_PL_Pos	POS	11987	TAG 58:4; TAG 18:1-18:2-22:1; [M+NH4]+	17.079	956.86603	3330334	31297522	[M+NH4]+	C61H110O6	TAG	ISLZUGHHLVWHKW-IYRAGFTPNA-N	430	True	True	0.659	0.750	0.967	5.00	1.00	1.858	455.78
VZ0000099_PL_Pos	POS	12000	TAG 50:0; TAG 16:0-16:0-18:0; [M+NH4]+	17.090	852.80103	12859852	61017570	[M+NH4]+	C53H102O6	TAG	DQKMNCLZNGAXNX-UHFFFAOYNA-N	430	True	True	0.793	0.897	0.912	2.00	0.50	1.574	575.80
VZ0000099_PL_Pos	POS	12037	TAG 53:1; TAG 17:0-18:0-18:1; [M+NH4]+	17.189	892.83246	4145564	28731004	[M+NH4]+	C56H106O6	TAG	BHJLNGDWUXQOBH-QOCHGBHMNA-N	430	True	True	0.707	0.818	0.949	3.00	0.60	1.619	624.49
VZ0000099_PL_Pos	POS	12039	TAG 55:2; TAG 17:0-18:1-20:1; [M+NH4]+	17.189	918.84827	4108329	27368353	[M+NH4]+	C58H108O6	TAG	AKDAPWJIGQLALK-HCELAJOTNA-N	430	True	True	0.563	0.650	0.908	4.00	0.80	1.663	4069860.00
VZ0000099_PL_Pos	POS	12069	TAG 56:2; TAG 18:0-18:1-20:1; [M+NH4]+	17.316	932.86389	10966377	55753503	[M+NH4]+	C59H110O6	TAG	DRXKVDMYIYMLIN-HBRSORGQNA-N	430	True	True	0.677	0.764	0.903	3.00	0.60	1.581	562.40
VZ0000099_PL_Pos	POS	12072	TAG 58:3; TAG 18:1-18:1-22:1; [M+NH4]+	17.316	958.88007	3417092	25371398	[M+NH4]+	C61H112O6	TAG	PZTWMTYNNRADPN-ALHSWEIPNA-N	430	True	True	0.675	0.782	0.904	2.00	0.50	1.521	426.46
VZ0000099_PL_Pos	POS	12076	TAG 60:4; TAG 16:1-22:1-22:2; [M+NH4]+	17.316	984.89514	1144557	9127971	[M+NH4]+	C63H114O6	TAG	WZPBNBKTEGRLLD-ZGNCOZLHNA-N	430	True	True	0.125	0.143	0.942	3.00	0.60	1.346	1019685.00
VZ0000099_PL_Pos	POS	12080	TAG 54:1; TAG 18:0-18:0-18:1; [M+NH4]+	17.326	906.84814	16534094	73245671	[M+NH4]+	C57H108O6	TAG	CXVKBFLPGNGMQW-QOCHGBHMNA-N	430	True	True	0.726	0.834	0.907	2.00	0.50	1.544	16534090.00
VZ0000099_PL_Pos	POS	12085	TAG 57:2; TAG 18:0-18:2-21:0; [M+NH4]+	17.326	946.88080	1339621	7846538	[M+NH4]+	C60H112O6	TAG	XNRVYCUMKDEMDV-KLUMMZMFNA-N	430	True	True	0.316	0.357	0.898	3.00	0.60	1.414	43.80
VZ0000099_PL_Pos	POS	12093	TAG 52:0; TAG 16:0-18:0-18:0; [M+NH4]+	17.336	880.83252	6901224	34079614	[M+NH4]+	C55H106O6	TAG	SDNYRTVJOFMYIW-UHFFFAOYNA-N	430	True	True	0.467	0.526	0.903	2.00	0.50	1.421	364.54
VZ0000099_PL_Pos	POS	12135	TAG 56:1; TAG 16:0-18:1-22:0; [M+NH4]+	17.561	934.87946	1573480	7492600	[M+NH4]+	C59H112O6	TAG	OZXLEWFIONDQJM-ATJXCDBQNA-N	430	True	True	0.541	0.606	0.949	3.00	0.60	1.538	6.04
VZ0000099_PL_Pos	POS	12141	TAG 54:0; TAG 16:0-16:0-22:0; [M+NH4]+	17.569	908.86389	8083370	43932370	[M+NH4]+	C57H110O6	TAG	CMVZZBQIBJQHIR-UHFFFAOYNA-N	430	True	True	0.078	0.000	0.900	2.00	0.50	1.223	155.96
VZ0000099_PL_Pos	POS	12168	TAG 56:0; TAG 16:0-18:0-22:0; [M+NH4]+	17.783	936.89581	489020	2482949	[M+NH4]+	C59H114O6	TAG	CAPRXGZRZWSDGE-UHFFFAOYNA-N	430	True	True	0.457	0.495	0.928	4.00	0.80	1.616	28.94
VZ0000099_PL_Pos	POS	12169	TAG 58:1; TAG 18:0-18:1-22:0; [M+NH4]+	17.783	962.91168	798043	3941223	[M+NH4]+	C61H116O6	TAG	HTEKPEUBHXJJTE-FLFQWRMENA-N	430	True	True	0.367	0.477	0.934	4.00	0.80	1.595	294.00
VZ0000099_PL_Pos	POS	12208	TAG 36:5; TAG 12:1-12:2-12:2; [M+Na]+	19.145	651.47211	654761	6351517	[M+Na]+	C39H64O6	TAG	OVIPJIYQEUMFAJ-LPPSGZNONA-N	430	True	True	0.673	0.898	0.857	1.00	0.33	1.245	12.02
VZ0000099_PL_Pos	POS	12351	TAG 52:3; TAG 16:0-18:1-18:2; [M+NH4]+	19.432	874.78571	1920852	7354063	[M+NH4]+	C55H100O6	TAG	PFTMZNUFSPJEJR-KDHVXLOFNA-N	430	True	True	0.830	0.905	0.958	4.00	0.80	1.796	144.37
VZ0000099_PL_Pos	POS	12380	PC 34:2	19.457	758.56976	2168316	8291243	[M+H]+	C42H80NO8P	PC	RXPVDHQFHIMZPN-AUYXYSRINA-N	420	True	True	0.756	0.852	0.592	1.00	1.00	1.741	36.36
VZ0000099_PL_Pos	POS	12382	PC 34:1	19.457	760.58582	1208339	4771156	[M+H]+	C42H82NO8P	PC	WTJKGGKOPKCXLL-MRCUWXFGNA-N	420	True	True	0.859	0.901	0.867	6.00	1.00	1.891	11.59
VZ0000099_PL_Pos	POS	12384	PC 36:4	19.457	782.57007	861187	3511636	[M+H]+	C44H80NO8P	PC	FVXDQWZBHIXIEJ-ZPPAUJSGNA-N	420	True	True	0.732	0.877	0.587	1.00	1.00	1.739	16.38
VZ0000099_PL_Pos	POS	12388	PC 36:2	19.457	786.60150	1394993	5631815	[M+H]+	C44H84NO8P	PC	SNKAWJBJQDLSFF-YEUCEMRANA-N	420	True	True	0.731	0.876	0.586	1.00	1.00	1.738	12.51
VZ0000099_PL_Neg	NEG	1219	LPI 20:4	0.803	619.28900	801349	3673902	[M-H]-	C29H49O12P	LPI	BAWAZBRKENFJED-LTKCOYKYNA-N	410	True	True	0.819	0.904	0.960	4.00	2.00	2.566	519.96
VZ0000099_PL_Neg	NEG	1233	LPI 18:2	0.813	595.28912	377204	1634925	[M-H]-	C27H49O12P	LPI	SAHCQBPGXQFTRA-HZJYTTRNNA-N	410	True	True	0.843	0.917	0.965	4.00	2.00	2.577	135.18
VZ0000099_PL_Neg	NEG	1244	LPC 20:5	0.827	586.31525	357308	1491272	[M+HCOO]-	C28H48NO7P	LPC	PDIGSOAOQOXRDU-WMPRHZDHNA-N	410	True	True	0.783	0.799	0.929	3.00	2.00	2.522	240.11
VZ0000099_PL_Neg	NEG	1299	LPC 14:0	0.887	512.29932	715896	3165425	[M+HCOO]-	C22H46NO7P	LPC	VXUOFDJKYGDUJI-UHFFFAOYNA-N	410	True	True	0.948	0.952	0.954	3.00	2.00	2.601	325.89
VZ0000099_PL_Neg	NEG	1301	LPC 22:6	0.887	612.33087	1007973	4474540	[M+HCOO]-	C30H50NO7P	LPC	LSOWKZULVQWMLY-WSDBEMKQNA-N	410	True	True	0.797	0.855	0.904	3.00	2.00	2.526	514.12
VZ0000099_PL_Neg	NEG	1316	LPC 16:1	0.910	538.31512	2454635	11768655	[M+HCOO]-	C24H48NO7P	LPC	LFUDDCMNKWEORN-KHPPLWFENA-N	410	True	True	0.958	0.952	0.958	3.00	2.00	2.605	1523.73
VZ0000099_PL_Neg	NEG	1329	LPE 22:6	0.917	524.27826	784173	3501600	[M-H]-	C27H44NO7P	LPE	XEVRBOQZSXWGQO-KUBAVDMBNA-N	410	True	True	0.798	0.853	0.945	4.00	2.00	2.544	523.71
VZ0000099_PL_Neg	NEG	1341	LPC 20:4	0.935	588.33081	8748282	40318558	[M+HCOO]-	C28H50NO7P	LPC	GOMVPVRDBLLHQC-DOFZRALJNA-N	410	True	True	0.918	0.927	0.946	3.00	2.00	2.586	5931.72
VZ0000099_PL_Neg	NEG	1369	LPC 18:2	0.955	564.33069	36925193	172254551	[M+HCOO]-	C26H50NO7P	LPC	SPJFYYJXNPEZDW-UTJQPWESNA-N	410	True	True	0.954	0.948	0.958	3.00	2.00	2.603	15736.54
VZ0000099_PL_Neg	NEG	1385	LPE 20:4	0.964	500.27832	2033557	9065652	[M-H]-	C25H44NO7P	LPE	JPNPIRVRGLGTRE-LTKCOYKYNA-N	410	True	True	0.829	0.934	0.870	3.00	2.00	2.536	2033557.00
VZ0000099_PL_Neg	NEG	1446	LPE 18:2	1.008	476.27826	1778656	8758475	[M-H]-	C23H44NO7P	LPE	DBHKHNGBVGWQJE-HZJYTTRNNA-N	410	True	True	0.866	0.956	0.859	3.00	2.00	2.544	1661.97
VZ0000099_PL_Neg	NEG	1472	LPC 20:3	1.045	590.34674	1559495	8075965	[M+HCOO]-	C28H52NO7P	LPC	XUDGAAFUMTTZCO-QNEBEIHSNA-N	410	True	True	0.945	0.949	0.957	3.00	2.00	2.600	1777.01
VZ0000099_PL_Neg	NEG	1512	LPC 16:0	1.128	540.33063	58087554	298012025	[M+HCOO]-	C24H50NO7P	LPC	ASWBNKHCZGQVJV-UHFFFAOYNA-N	410	True	True	0.956	0.947	0.949	3.00	2.00	2.600	35924.40
VZ0000099_PL_Neg	NEG	1628	LPC 18:1	1.184	566.34644	17616843	92582371	[M+HCOO]-	C26H52NO7P	LPC	YAMUFBLWGFFICM-SEYXRHQNNA-N	410	True	True	0.959	0.951	0.962	4.00	2.00	2.606	7491.73
VZ0000099_PL_Neg	NEG	1656	LPE 16:0	1.199	452.27823	1157761	5881058	[M-H]-	C21H44NO7P	LPE	YVYMBNSKXOXSKW-UHFFFAOYNA-N	410	True	True	0.867	0.948	0.854	3.00	2.00	2.540	719.57
VZ0000099_PL_Neg	NEG	1751	LPE 18:1	1.267	478.29407	911269	5290844	[M-H]-	C23H46NO7P	LPE	PYVRVRFVLRNJLY-KTKRTIGZNA-N	410	True	True	0.875	0.958	0.859	3.00	2.00	2.545	621.36
VZ0000099_PL_Neg	NEG	1793	LPC 17:0	1.325	554.34680	576913	4760522	[M+HCOO]-	C25H52NO7P	LPC	SRRQPVVYXBTRQK-UHFFFAOYNA-N	410	True	True	0.919	0.921	0.959	4.00	2.00	2.589	576913.30
VZ0000099_PL_Neg	NEG	1889	LPC 18:0	1.489	568.36249	1095433	4707585	[M+HCOO]-	C26H54NO7P	LPC	IHNKQIMGVNPMTC-UHFFFAOYNA-N	410	True	True	0.941	0.941	0.954	3.00	2.00	2.596	650.89
VZ0000099_PL_Neg	NEG	1943	LPC 18:0	1.603	568.36212	14821899	75915798	[M+HCOO]-	C26H54NO7P	LPC	IHNKQIMGVNPMTC-UHFFFAOYNA-N	410	True	True	0.956	0.949	0.957	3.00	2.00	2.603	8828.15
VZ0000099_PL_Neg	NEG	2114	LPE 18:0	1.720	480.30969	843709	4475951	[M-H]-	C23H48NO7P	LPE	BBYWOYAFBUOUFP-UHFFFAOYNA-N	410	True	True	0.867	0.951	0.859	3.00	2.00	2.542	498.26
VZ0000099_PL_Neg	NEG	3020	FA 18:1	2.850	281.24875	536494	3731528	[M-H]-	C18H34O2	FA	UWHZIFQPPBDJPM-FPLPWBNLSA-N	410	True	True	0.973	0.860	0.866	1.00	2.00	2.548	308.38
VZ0000099_PL_Neg	NEG	3272	SM 44:1;O2|SM 30:1;O2/14:0	3.724	691.50366	451184	2377198	[M+HCOO]-	C35H71N2O6P	SM	DRWSEQAGTUUHBS-BYCLXTJYNA-N	410	True	True	0.912	0.957	0.919	4.00	2.00	2.580	66.02
VZ0000099_PL_Neg	NEG	3281	GM3 32:1;O2	3.724	1123.67505	127177	640823	[M-H]-	C55H100N2O21	GM3	MUZOLRLJQFTJEW-PFONDFGANA-N	420	True	True	0.848	0.891	0.922	3.00	1.00	1.910	95.85
VZ0000099_PL_Neg	NEG	3430	SM 46:2;O2|SM 32:2;O2/14:0	3.885	717.51923	946802	5427857	[M+HCOO]-	C37H73N2O6P	SM	AZMHJTIGIHIMFP-WKLXELFSNA-N	410	True	True	0.920	0.966	0.920	4.00	2.00	2.584	182.46
VZ0000099_PL_Neg	NEG	3617	SM 45:1;O2|SM 31:1;O2/14:0	4.234	705.51929	228734	1217153	[M+HCOO]-	C36H73N2O6P	SM	QMORVHRQDRSPJQ-ORIPQNMZNA-N	410	True	True	0.926	0.965	0.918	4.00	2.00	2.584	141.51
VZ0000099_PL_Neg	NEG	3669	SM 52:2;O2	4.428	731.53510	147471	1034265	[M+HCOO]-	C38H75N2O6P	SM	LIJPQJMFMAGWDS-LCWMMVRDNA-N	420	True	True	0.916	0.965	0.917	3.00	1.00	1.938	51.93
VZ0000099_PL_Neg	NEG	3734	PC 36:6	4.578	822.52997	65180	469656	[M+HCOO]-	C44H76NO8P	PC	IITWSVMUNFGFQI-MPAQOSGJNA-N	420	True	True	0.835	0.921	0.911	6.00	1.00	1.908	10.71
VZ0000099_PL_Neg	NEG	3786	GM3 34:1;O2	4.715	1151.70630	992288	5957212	[M-H]-	C57H104N2O21	GM3	UGQJOBGCMVNYRT-MSUUIHNZNA-N	420	True	True	0.831	0.903	0.923	3.00	1.00	1.909	239.66
VZ0000099_PL_Neg	NEG	3853	SM 48:1;O2|SM 32:1;O2/16:0	4.807	719.53467	14881972	82369982	[M+HCOO]-	C37H75N2O6P	SM	RPTUKVYGSPDHGQ-SJCQXOIGNA-N	410	True	True	0.929	0.966	0.920	4.00	2.00	2.586	4023.70
VZ0000099_PL_Neg	NEG	3960	PI 38:6	4.853	881.51880	243745	1285727	[M-H]-	C47H79O13P	PI	FPHAZHKZJQOPBU-LGFBOSHVNA-N	420	True	True	0.822	0.922	0.946	8.00	1.00	1.921	74.68
VZ0000099_PL_Neg	NEG	3968	PC 36:6	4.886	822.52972	170165	1132908	[M+HCOO]-	C44H76NO8P	PC	HAIPHKFLSXSDAN-FEOZPROANA-N	420	True	True	0.872	0.916	0.964	8.00	1.00	1.938	27.96
VZ0000099_PL_Neg	NEG	3973	GM3 36:2;O2	4.897	1177.72290	97009	745999	[M-H]-	C59H106N2O21	GM3	IBOPIVQLWXNTLV-TYOWXDPVNA-N	420	True	True	0.838	0.891	0.920	3.00	1.00	1.906	53.34
VZ0000099_PL_Neg	NEG	4005	PC 36:5	4.977	824.54510	446837	2666470	[M+HCOO]-	C44H78NO8P	PC	HZGAVPNEGHQJID-OFWSBFIXNA-N	420	True	True	0.914	0.976	0.914	8.00	1.00	1.939	132.26
VZ0000099_PL_Neg	NEG	4040	SM 50:2;O2|SM 34:2;O2/16:0	5.009	745.55048	20405577	127704608	[M+HCOO]-	C39H77N2O6P	SM	RYPRHPLEPBYJJE-CUCSTAJMNA-N	410	True	True	0.933	0.967	0.921	4.00	2.00	2.588	1213.84
VZ0000099_PL_Neg	NEG	4152	PC 38:7	5.055	848.54486	367926	3176887	[M+HCOO]-	C46H78NO8P	PC	DLRNZUPJXRVWRW-LKDYKOESNA-N	420	True	True	0.856	0.926	0.940	8.00	1.00	1.927	39.82
VZ0000099_PL_Neg	NEG	4209	PI 36:4	5.155	857.51904	2140271	12748237	[M-H]-	C45H79O13P	PI	VWRYMIZQLPXULA-JAXHXWBXNA-N	420	True	True	0.859	0.942	0.955	9.00	1.00	1.937	397.73
VZ0000099_PL_Neg	NEG	4240	PC 34:4	5.210	798.52936	803131	4997753	[M+HCOO]-	C42H76NO8P	PC	BXZPYXMUABUWBT-DRJPRSGJNA-N	420	True	True	0.892	0.971	0.916	8.00	1.00	1.934	117.85
VZ0000099_PL_Neg	NEG	4255	SM 54:4;O2|SM 36:3;O2/18:1	5.233	771.56653	316336	2006102	[M+HCOO]-	C41H79N2O6P	SM	PHUNHHQMSABGSN-LBSJLUOHNA-N	410	True	True	0.915	0.966	0.920	3.00	2.00	2.583	68.08
VZ0000099_PL_Neg	NEG	4279	SM 46:0;O2|SM 32:0;O2/14:0	5.290	721.55103	347412	2200614	[M+HCOO]-	C37H77N2O6P	SM	MJAFYELZQYPMQG-UHFFFAOYNA-N	410	True	True	0.941	0.966	0.935	5.00	2.00	2.594	99.00
VZ0000099_PL_Neg	NEG	4284	PI 38:5	5.290	883.53497	496743	4306121	[M-H]-	C47H81O13P	PI	XGZVRASBCZTHNO-HAGCXRLMNA-N	420	True	True	0.837	0.930	0.957	9.00	1.00	1.930	108.31
VZ0000099_PL_Neg	NEG	4294	PI 34:2	5.324	833.51917	1536508	9987261	[M-H]-	C43H79O13P	PI	BSNJSZUDOMPYIR-BCTRXSSUNA-N	420	True	True	0.858	0.940	0.952	9.00	1.00	1.935	401.75
VZ0000099_PL_Neg	NEG	4306	SM 54:4;O2|SM 36:3;O2/18:1	5.346	771.56610	352195	3706892	[M+HCOO]-	C41H79N2O6P	SM	PHUNHHQMSABGSN-LBSJLUOHNA-N	410	True	True	0.918	0.968	0.919	3.00	2.00	2.584	126.84
VZ0000099_PL_Neg	NEG	4330	PC 36:5	5.390	824.54523	1998095	16065262	[M+HCOO]-	C44H78NO8P	PC	NJKOHDXHBBUJBZ-LMRIPGBINA-N	420	True	True	0.900	0.974	0.917	8.00	1.00	1.936	579.30
VZ0000099_PL_Neg	NEG	4348	PC 40:8	5.401	874.56085	583582	4368497	[M+HCOO]-	C48H80NO8P	PC	BFCSBEFTXQRIOJ-QIURYZFVNA-N	420	True	True	0.844	0.931	0.885	5.00	1.00	1.902	231.77
VZ0000099_PL_Neg	NEG	4368	PC 32:2	5.412	774.52954	2365950	16272376	[M+HCOO]-	C40H76NO8P	PC	IWXJKHSPEQSQMD-YPRCPECBNA-N	420	True	True	0.886	0.958	0.904	8.00	1.00	1.924	131.15
VZ0000099_PL_Neg	NEG	4396	PI 36:3	5.467	859.53436	602767	4135777	[M-H]-	C45H81O13P	PI	MXJMOLQIXMJUEL-RQOIEFAZNA-N	420	True	True	0.824	0.929	0.946	8.00	1.00	1.924	100.01
VZ0000099_PL_Neg	NEG	4400	PI 38:5	5.467	883.53412	435834	3072100	[M-H]-	C47H81O13P	PI	XGZVRASBCZTHNO-HAGCXRLMNA-N	420	True	True	0.819	0.929	0.948	8.00	1.00	1.924	78.87
VZ0000099_PL_Neg	NEG	4413	SM 49:1;O2|SM 33:1;O2/16:0	5.478	733.55035	6798599	43183283	[M+HCOO]-	C38H77N2O6P	SM	RXLZIONNUYYHHW-OWWNRXNENA-N	410	True	True	0.931	0.967	0.920	4.00	2.00	2.587	1654.78
VZ0000099_PL_Neg	NEG	4501	PC 37:6	5.546	836.54498	325119	2070803	[M+HCOO]-	C45H78NO8P	PC	GEINPYKZLFHHIL-BDWYRQGHNA-N	420	True	True	0.877	0.966	0.921	7.00	1.00	1.932	90.47
VZ0000099_PL_Neg	NEG	4645	PC 38:6	5.686	850.56055	5932284	44609300	[M+HCOO]-	C46H80NO8P	PC	RUHBZJXWUDKAMZ-ODAJXHQSNA-N	420	True	True	0.913	0.977	0.923	8.00	1.00	1.943	990.46
VZ0000099_PL_Neg	NEG	4649	PI 36:3	5.686	859.53424	397589	3216857	[M-H]-	C45H81O13P	PI	UIRZYDCTGNCXNQ-SVNQLWEDNA-N	420	True	True	0.813	0.923	0.946	8.00	1.00	1.920	70.65
VZ0000099_PL_Neg	NEG	4684	PC 36:5	5.697	824.54504	9170040	64549828	[M+HCOO]-	C44H78NO8P	PC	KLTHQSWIRFFBRI-KOQZQRJKNA-N	420	True	True	0.893	0.972	0.924	8.00	1.00	1.938	2706.14
VZ0000099_PL_Neg	NEG	4737	SM 52:2;O2|SM 35:2;O2/17:0	5.719	759.56592	415212	3734399	[M+HCOO]-	C40H79N2O6P	SM	AQFJEWLOACFBQN-CZIXKSQANA-N	410	True	True	0.919	0.968	0.919	3.00	2.00	2.584	78.93
VZ0000099_PL_Neg	NEG	4803	PC 38:6	5.862	850.56067	983969	7034510	[M+HCOO]-	C46H80NO8P	PC	PAQLDAUPMINLDS-JDAPHBBENA-N	420	True	True	0.810	0.923	0.926	8.00	1.00	1.911	125.25
VZ0000099_PL_Neg	NEG	4816	PC 34:3	5.873	800.54492	3369915	25604029	[M+HCOO]-	C42H78NO8P	PC	JMAYDGBZRHQJAT-XSMZTDTHNA-N	420	True	True	0.869	0.949	0.914	8.00	1.00	1.924	760.24
VZ0000099_PL_Neg	NEG	4870	PC 36:4	5.921	826.56073	15974518	117199902	[M+HCOO]-	C44H80NO8P	PC	FVXDQWZBHIXIEJ-ZPPAUJSGNA-N	420	True	True	0.863	0.929	0.867	5.00	1.00	1.898	1565.25
VZ0000099_PL_Neg	NEG	4925	PC 35:4	5.932	812.54510	1467982	9832905	[M+HCOO]-	C43H78NO8P	PC	JSXZJOMDSXRJMT-LTFXTMEVNA-N	420	True	True	0.900	0.973	0.915	8.00	1.00	1.936	315.13
VZ0000099_PL_Neg	NEG	5004	SM 50:1;O2|SM 34:1;O2/16:0	6.033	747.56616	1491272	9727297	[M+HCOO]-	C39H79N2O6P	SM	RWKUXQNLWDTSLO-NHQGMKOONA-N	410	True	True	0.924	0.959	0.921	4.00	2.00	2.584	537.19
VZ0000099_PL_Neg	NEG	5082	GM3 36:1;O2	6.041	1179.73779	435530	3017342	[M-H]-	C59H108N2O21	GM3	IBYFJBLHBFJQPE-HNENSFHCNA-N	420	True	True	0.829	0.905	0.922	3.00	1.00	1.910	304.83
VZ0000099_PL_Neg	NEG	5117	PC 34:3	6.126	800.54547	1409261	13573317	[M+HCOO]-	C42H78NO8P	PC	JMAYDGBZRHQJAT-XSMZTDTHNA-N	420	True	True	0.836	0.928	0.914	8.00	1.00	1.911	372.47
VZ0000099_PL_Neg	NEG	5147	PC 33:2	6.159	788.54517	2629136	17019436	[M+HCOO]-	C41H78NO8P	PC	DGBYUHHIADYUMU-AKMCNLDWNA-N	420	True	True	0.896	0.972	0.905	8.00	1.00	1.930	439.80
VZ0000099_PL_Neg	NEG	5283	PI 40:6	6.229	909.54980	1395850	8499516	[M-H]-	C49H83O13P	PI	DJVOKHFQPGWUPK-HSBBONCLNA-N	420	True	True	0.835	0.940	0.948	8.00	1.00	1.929	544.81
VZ0000099_PL_Neg	NEG	5365	SM 50:1;O2|SM 34:1;O2/16:0	6.247	747.56598	45762277	374726249	[M+HCOO]-	C39H79N2O6P	SM	RWKUXQNLWDTSLO-NHQGMKOONA-N	410	True	True	0.938	0.967	0.921	4.00	2.00	2.588	16587.58
VZ0000099_PL_Neg	NEG	5507	PC 38:6	6.334	850.56049	20694981	160666600	[M+HCOO]-	C46H80NO8P	PC	IESVDEZGAHUQJU-SYGPSSPWNA-N	420	True	True	0.873	0.964	0.927	8.00	1.00	1.933	3523.29
VZ0000099_PL_Neg	NEG	5591	PC 30:0	6.399	750.52936	1525380	11599304	[M+HCOO]-	C38H76NO8P	PC	RFVFQQWKPSOBED-UHFFFAOYNA-N	420	True	True	0.904	0.970	0.916	8.00	1.00	1.936	89.43
VZ0000099_PL_Neg	NEG	5636	PI 34:1	6.449	835.53479	1673100	15808734	[M-H]-	C43H81O13P	PI	PDLAMJKMOKWLAJ-ZCXUNETKNA-N	420	True	True	0.816	0.913	0.952	9.00	1.00	1.920	395.92
VZ0000099_PL_Neg	NEG	5728	PC 40:7	6.503	876.57635	1612478	13794861	[M+HCOO]-	C48H82NO8P	PC	FPEVDFOXMCHLKL-MIIHFGKENA-N	420	True	True	0.865	0.965	0.926	8.00	1.00	1.931	218.92
VZ0000099_PL_Neg	NEG	5737	PC 36:4	6.514	826.56097	648945	4787865	[M+HCOO]-	C44H80NO8P	PC	JAVWFBAAZSHHAD-KKILVFCFNA-N	420	True	True	0.809	0.924	0.913	7.00	1.00	1.904	40.47
VZ0000099_PL_Neg	NEG	5762	SM 54:2;O2|SM 36:2;O2/18:0	6.533	773.58185	9282314	78450445	[M+HCOO]-	C41H81N2O6P	SM	GCHHFAWECQPLHL-KULLXTRWNA-N	410	True	True	0.917	0.969	0.920	3.00	2.00	2.584	724.61
VZ0000099_PL_Neg	NEG	5845	PC 35:3	6.605	814.56061	372390	3043164	[M+HCOO]-	C43H80NO8P	PC	MUZGPRQBPCWWLQ-XSMZTDTHNA-N	420	True	True	0.849	0.940	0.912	8.00	1.00	1.917	74.57
VZ0000099_PL_Neg	NEG	5880	PI 36:2	6.632	861.54987	629211	5308400	[M-H]-	C45H83O13P	PI	LALGUHSIWLNTNW-CLFAGFIQNA-N	420	True	True	0.844	0.933	0.965	6.00	1.00	1.937	183.91
VZ0000099_PL_Neg	NEG	5884	PI 38:4	6.632	885.55005	25375030	178103814	[M-H]-	C47H83O13P	PI	OJESNYFIPWSOPO-ZKVKLVECNA-N	420	True	True	0.864	0.944	0.956	9.00	1.00	1.939	6831.89
VZ0000099_PL_Neg	NEG	5946	PC 32:1	6.643	776.54492	10439113	86829986	[M+HCOO]-	C40H78NO8P	PC	QIBZFHLFHCIUOT-ZPHPHTNENA-N	420	True	True	0.885	0.957	0.911	8.00	1.00	1.928	530.75
VZ0000099_PL_Neg	NEG	6064	PC 36:4	6.769	826.56073	113941840	962898128	[M+HCOO]-	C44H80NO8P	PC	JAVWFBAAZSHHAD-KKILVFCFNA-N	420	True	True	0.902	0.973	0.916	8.00	1.00	1.937	11267.34
VZ0000099_PL_Neg	NEG	6075	PE 38:6	6.783	762.50800	1289864	9951340	[M-H]-	C43H74NO8P	PE	MPWUZHVZZKSTPV-LGFBOSHVNA-N	420	True	True	0.860	0.892	0.970	8.00	1.00	1.934	262.53
VZ0000099_PL_Neg	NEG	6108	SM 56:1;O2	6.851	761.58130	465067	3897836	[M+HCOO]-	C40H81N2O6P	SM	OWINTOUFGDGHCP-QOSDPKFLNA-N	420	True	True	0.904	0.961	0.918	2.00	1.00	1.936	69.20
VZ0000099_PL_Neg	NEG	6140	PI 36:2	6.870	861.55011	4629867	32951287	[M-H]-	C45H83O13P	PI	KZVRAFHIKMDULK-MLWYYCKJNA-N	420	True	True	0.864	0.943	0.953	9.00	1.00	1.938	1420.51
VZ0000099_PL_Neg	NEG	6204	SM 50:0;O2|SM 34:0;O2/16:0	6.917	749.58179	4211328	29509661	[M+HCOO]-	C39H81N2O6P	SM	QHZIGNLCLJPLCU-UHFFFAOYNA-N	410	True	True	0.946	0.967	0.936	5.00	2.00	2.596	2690.98
VZ0000099_PL_Neg	NEG	6213	PC 38:5	6.917	852.57642	16190535	166287867	[M+HCOO]-	C46H82NO8P	PC	SWOKEJBWARJLGN-LTLPGSJDNA-N	420	True	True	0.790	0.899	0.924	8.00	1.00	1.900	3275.89
VZ0000099_PL_Neg	NEG	6280	PC O-60:13|PC O-38:7_22:6	6.994	834.56610	332759	2654568	[M+HCOO]-	C46H80NO7P	EtherPC	LSUUYCOJTDXYNX-AQISBKEKNA-N	410	True	True	0.812	0.925	0.891	5.00	2.00	2.538	56.17
VZ0000099_PL_Neg	NEG	6299	PC 34:2	7.041	802.56079	173494930	1657922011	[M+HCOO]-	C42H80NO8P	PC	JLPULHDHAOZNQI-AKMCNLDWNA-N	420	True	True	0.915	0.968	0.926	9.00	1.00	1.942	27096.66
VZ0000099_PL_Neg	NEG	6410	SM 52:1;O2|SM 35:1;O2/17:0	7.186	761.58173	2207301	17007001	[M+HCOO]-	C40H81N2O6P	SM	YMQZQHIESOAPQH-QOSDPKFLNA-N	410	True	True	0.915	0.968	0.919	3.00	2.00	2.583	328.46
VZ0000099_PL_Neg	NEG	6413	PC 38:5	7.186	852.57629	2922359	25339669	[M+HCOO]-	C46H82NO8P	PC	SWOKEJBWARJLGN-LTLPGSJDNA-N	420	True	True	0.897	0.974	0.920	8.00	1.00	1.937	398.57
VZ0000099_PL_Neg	NEG	6450	PC 36:3	7.246	828.57654	36006761	330290599	[M+HCOO]-	C44H82NO8P	PC	GDWULUGDXGHJIJ-RWLIYIGXNA-N	420	True	True	0.907	0.976	0.909	8.00	1.00	1.935	4788.32
VZ0000099_PL_Neg	NEG	6468	PC 40:6	7.256	878.59180	392461	3465792	[M+HCOO]-	C48H84NO8P	PC	DWNZYUCWYBDRIX-WOVKMZFMNA-N	420	True	True	0.773	0.907	0.919	7.00	1.00	1.896	59.86
VZ0000099_PL_Neg	NEG	6545	PC 31:0	7.311	764.54523	432216	3352822	[M+HCOO]-	C39H78NO8P	PC	LLHISNQVRRYJGL-UHFFFAOYNA-N	420	True	True	0.789	0.864	0.909	8.00	1.00	1.886	32.45
VZ0000099_PL_Neg	NEG	6563	PC O-60:12|PC O-38:6_22:6	7.335	836.58148	686495	5337528	[M+HCOO]-	C46H82NO7P	EtherPC	QQQQNYAHSSIZBU-XTQGPSINNA-N	410	True	True	0.784	0.921	0.880	4.00	2.00	2.527	191.03
VZ0000099_PL_Neg	NEG	6601	PI 38:3	7.359	887.56561	2059717	16190867	[M-H]-	C47H85O13P	PI	GGSSNEAFVQRIHU-JTBMWNAQNA-N	420	True	True	0.859	0.943	0.953	9.00	1.00	1.937	360.77
VZ0000099_PL_Neg	NEG	6665	PC 38:5	7.434	852.57623	3444558	24064922	[M+HCOO]-	C46H82NO8P	PC	ZMNDHWFRGYCJKG-AASFMASFNA-N	420	True	True	0.862	0.956	0.920	7.00	1.00	1.926	316.54
VZ0000099_PL_Neg	NEG	6675	PC 37:4	7.451	840.57629	1442264	13284263	[M+HCOO]-	C45H82NO8P	PC	HTEFXTFZCGTMAC-PHEBCRHUNA-N	420	True	True	0.904	0.976	0.919	8.00	1.00	1.939	222.35
VZ0000099_PL_Neg	NEG	6709	PE 38:5	7.476	764.52393	735539	8328460	[M-H]-	C43H76NO8P	PE	ZYMZKMQPPJPQHY-HAGCXRLMNA-N	420	True	True	0.769	0.900	0.721	7.00	1.00	1.809	52.87
VZ0000099_PL_Neg	NEG	6777	SM 62:5;O2	7.514	797.56750	92136	475818	[M+HCOO]-	C43H81N2O6P	SM	BCJOXTGKBHEGMC-HOUHEIFKNA-N	420	True	True	0.508	0.707	0.913	2.00	1.00	1.636	7.31
VZ0000099_PL_Neg	NEG	6789	PC 38:5	7.527	852.57623	3593078	30187628	[M+HCOO]-	C46H82NO8P	PC	ARDJUHDXABDVFH-BPFCGSCHNA-N	420	True	True	0.852	0.942	0.925	8.00	1.00	1.923	450.09
VZ0000099_PL_Neg	NEG	6811	PC O-56:9|PC O-36:5_20:4	7.549	810.56573	7665337	66412156	[M+HCOO]-	C44H80NO7P	EtherPC	VXQMCPDKMGAOGH-LNJNMWSONA-N	410	True	True	0.886	0.973	0.896	5.00	2.00	2.567	942.68
VZ0000099_PL_Neg	NEG	6831	PC 33:1	7.574	790.56024	1757820	17069413	[M+HCOO]-	C41H80NO8P	PC	ZEWLMKXMNQOCOQ-MRCUWXFGNA-N	420	True	True	0.769	0.873	0.911	7.00	1.00	1.885	391.02
VZ0000099_PL_Neg	NEG	6833	PC 36:3	7.574	828.57611	31152122	309625026	[M+HCOO]-	C44H82NO8P	PC	FHYXYDNOQOCPNC-XSMZTDTHNA-N	420	True	True	0.890	0.960	0.909	8.00	1.00	1.928	3769.43
VZ0000099_PL_Neg	NEG	7013	PC O-58:10|PC O-38:6_20:4	7.753	836.58142	1895188	23615592	[M+HCOO]-	C46H82NO7P	EtherPC	BOHZCIJMIPHZKG-OANVIGDONA-N	410	True	True	0.839	0.938	0.894	5.00	2.00	2.549	522.73
VZ0000099_PL_Neg	NEG	7016	PC 37:4	7.753	840.57629	2291336	19369644	[M+HCOO]-	C45H82NO8P	PC	HTEFXTFZCGTMAC-PHEBCRHUNA-N	420	True	True	0.900	0.972	0.918	8.00	1.00	1.937	357.62
VZ0000099_PL_Neg	NEG	7040	PC 35:2	7.761	816.57660	2661721	26515456	[M+HCOO]-	C43H82NO8P	PC	ZSKWZJYUVZYDQU-DYMXKLMANA-N	420	True	True	0.872	0.955	0.911	8.00	1.00	1.924	747.83
VZ0000099_PL_Neg	NEG	7050	PC O-48:2|PC O-32:1_16:1	7.776	762.56586	344206	3093188	[M+HCOO]-	C40H80NO7P	EtherPC	HJVQHTGUAIETCQ-ZPHPHTNENA-N	410	True	True	0.872	0.972	0.878	4.00	2.00	2.556	53.07
VZ0000099_PL_Neg	NEG	7066	PC 38:4	7.784	854.59192	2448903	26731281	[M+HCOO]-	C46H84NO8P	PC	JNKAOGSDBBXHEP-SAUDALOUNA-N	420	True	True	0.891	0.970	0.906	8.00	1.00	1.929	448.72
VZ0000099_PL_Neg	NEG	7081	PC 36:3	7.804	828.57660	3267673	28896608	[M+HCOO]-	C44H82NO8P	PC	FHYXYDNOQOCPNC-XSMZTDTHNA-N	420	True	True	0.866	0.950	0.908	8.00	1.00	1.920	357.66
VZ0000099_PL_Neg	NEG	7143	PC O-52:5|PC O-34:3_18:2	7.899	786.56586	6260738	52797827	[M+HCOO]-	C42H80NO7P	EtherPC	AXCLECQLCBWNLZ-DZELQHPSNA-N	410	True	True	0.892	0.973	0.886	5.00	2.00	2.564	1704.97
VZ0000099_PL_Neg	NEG	7147	PC O-56:8|PC O-36:4_20:4	7.899	812.58160	9008984	76388925	[M+HCOO]-	C44H82NO7P	EtherPC	SOUZQPFUXRVDGK-SHJNOZFHNA-N	410	True	True	0.871	0.975	0.888	4.00	2.00	2.561	749.46
VZ0000099_PL_Neg	NEG	7192	PC 34:2	7.910	802.55432	536900	6392077	[M+HCOO]-	C42H80NO8P	PC	JLPULHDHAOZNQI-AKMCNLDWNA-N	420	True	True	0.563	0.584	0.904	7.00	1.00	1.748	62.28
VZ0000099_PL_Neg	NEG	7269	PI 38:3	7.991	887.56561	388569	3428455	[M-H]-	C47H85O13P	PI	GGSSNEAFVQRIHU-JTBMWNAQNA-N	420	True	True	0.836	0.933	0.947	8.00	1.00	1.927	67.27
VZ0000099_PL_Neg	NEG	7277	PC 38:4	8.024	854.59229	866482	6447663	[M+HCOO]-	C46H84NO8P	PC	JNKAOGSDBBXHEP-SAUDALOUNA-N	420	True	True	0.855	0.946	0.914	8.00	1.00	1.919	48.94
VZ0000099_PL_Neg	NEG	7278	PC 36:3	8.043	828.57343	671675	5504508	[M+HCOO]-	C44H82NO8P	PC	WZCLAXMADUBPSG-XDZFUVEGNA-N	420	True	True	0.539	0.627	0.910	6.00	1.00	1.779	20.22
VZ0000099_PL_Neg	NEG	7309	PC 35:2	8.068	816.57648	4397539	39416587	[M+HCOO]-	C43H82NO8P	PC	ZSKWZJYUVZYDQU-DYMXKLMANA-N	420	True	True	0.899	0.970	0.908	8.00	1.00	1.932	1222.39
VZ0000099_PL_Neg	NEG	7313	PC O-58:9|PC O-38:5_20:4	8.068	838.59717	8397899	78668647	[M+HCOO]-	C46H84NO7P	EtherPC	YPEVVVCDYBKGNI-BXHZXWGDNA-N	410	True	True	0.850	0.960	0.886	4.00	2.00	2.553	2922.86
VZ0000099_PL_Neg	NEG	7396	PC O-54:6|PC O-36:4_18:2	8.114	812.58185	1241876	9761925	[M+HCOO]-	C44H82NO7P	EtherPC	XCCONPVPHCCYNF-ZPPAUJSGNA-N	410	True	True	0.868	0.958	0.885	5.00	2.00	2.555	95.25
VZ0000099_PL_Neg	NEG	7423	PC O-62:11|PC O-40:6_22:5	8.180	864.61267	365304	3388005	[M+HCOO]-	C48H86NO7P	EtherPC	ZCAILPAGIIBRNC-AVKDVOETNA-N	410	True	True	0.714	0.870	0.889	4.00	2.00	2.506	122.01
VZ0000099_PL_Neg	NEG	7462	PC 38:4	8.217	854.59204	2999991	29578766	[M+HCOO]-	C46H84NO8P	PC	HUAVKOMRGUBYMK-LTFXTMEVNA-N	420	True	True	0.888	0.968	0.917	8.00	1.00	1.933	450.86
VZ0000099_PL_Neg	NEG	7477	PC 36:3	8.228	828.57648	1146477	11152191	[M+HCOO]-	C44H82NO8P	PC	FHYXYDNOQOCPNC-XSMZTDTHNA-N	420	True	True	0.874	0.918	0.943	9.00	1.00	1.930	144.64
VZ0000099_PL_Neg	NEG	7491	PC O-52:4|PC O-34:2_18:2	8.239	788.58136	2380139	21919447	[M+HCOO]-	C42H82NO7P	EtherPC	IQACMFWAGALEAQ-DYMXKLMANA-N	410	True	True	0.879	0.975	0.880	4.00	2.00	2.560	360.80
VZ0000099_PL_Neg	NEG	7563	SM 54:1;O2|SM 36:1;O2/18:0	8.257	775.59735	16388422	156048329	[M+HCOO]-	C41H83N2O6P	SM	LKQLRGMMMAHREN-NWBJSICCNA-N	410	True	True	0.914	0.969	0.920	3.00	2.00	2.583	10694.44
VZ0000099_PL_Neg	NEG	7573	PC 40:6	8.257	878.59186	7875920	70494065	[M+HCOO]-	C48H84NO8P	PC	FAUYAENFVCNTAL-UFTZFNJNNA-N	420	True	True	0.874	0.964	0.926	8.00	1.00	1.933	1174.40
VZ0000099_PL_Neg	NEG	7664	PI 36:1	8.352	863.56586	1377596	14963188	[M-H]-	C45H85O13P	PI	YOBFISPJJWPPTK-ZZEZOPTANA-N	420	True	True	0.864	0.944	0.954	9.00	1.00	1.938	603.47
VZ0000099_PL_Neg	NEG	7684	PC 32:0	8.380	778.56079	8642854	79343044	[M+HCOO]-	C40H80NO8P	PC	KILNVBDSWZSGLL-UHFFFAOYNA-N	420	True	True	0.853	0.930	0.865	5.00	1.00	1.895	1377.95
VZ0000099_PL_Neg	NEG	7850	PC O-56:7|PC O-36:4_20:3	8.471	812.58136	805486	8161416	[M+HCOO]-	C44H82NO7P	EtherPC	OVJPGQQWKIPVFP-KUUDARKTNA-N	410	True	True	0.853	0.942	0.889	5.00	2.00	2.551	62.47
VZ0000099_PL_Neg	NEG	7853	PC 40:5	8.471	880.60712	380721	3373923	[M+HCOO]-	C48H86NO8P	PC	BEBUALLVGGPZCK-OZKYNIIMNA-N	420	True	True	0.663	0.818	0.916	8.00	1.00	1.853	61.50
VZ0000099_PL_Neg	NEG	7967	SM 58:2;O2|SM 38:2;O2/20:0	8.597	801.61304	3212376	36180921	[M+HCOO]-	C43H85N2O6P	SM	RIQUZAZTFMJZDT-QCVIXQMPNA-N	410	True	True	0.922	0.969	0.920	3.00	2.00	2.585	838.74
VZ0000099_PL_Neg	NEG	7983	PE O-52:5|PE O-34:3_18:2	8.627	698.51300	728604	7244681	[M-H]-	C39H74NO7P	EtherPE	RIQAKBUOHSSMTC-PNBIJBBKNA-N	410	True	True	0.919	0.918	0.953	3.00	2.00	2.587	295.59
VZ0000099_PL_Neg	NEG	8014	SM 64:5;O2|SM 40:3;O2/24:2	8.652	827.62897	755751	9845415	[M+HCOO]-	C45H87N2O6P	SM	GNMDCUGUXIGHHW-TYRXSUSQNA-N	410	True	True	0.908	0.963	0.920	3.00	2.00	2.581	90.93
VZ0000099_PL_Neg	NEG	8028	PC 34:1	8.663	804.57635	79297166	976940898	[M+HCOO]-	C42H82NO8P	PC	WTJKGGKOPKCXLL-MRCUWXFGNA-N	420	True	True	0.909	0.973	0.910	8.00	1.00	1.935	7732.70
VZ0000099_PL_Neg	NEG	8211	PC O-56:6|PC O-36:3_20:3	8.866	814.59668	538062	6136655	[M+HCOO]-	C44H84NO7P	EtherPC	FBBXBJITXQXKMG-JOIBFBEQNA-N	410	True	True	0.864	0.972	0.883	4.00	2.00	2.557	76.77
VZ0000099_PL_Neg	NEG	8222	PE O-54:6|PE O-36:4_18:2	8.877	724.52887	581796	6331192	[M-H]-	C41H76NO7P	EtherPE	CVFFRLVFXKZVIJ-MAZCIEHSNA-N	410	True	True	0.903	0.913	0.951	3.00	2.00	2.582	202.43
VZ0000099_PL_Neg	NEG	8227	PC 38:4	8.877	854.59204	54440653	548701075	[M+HCOO]-	C46H84NO8P	PC	HAKKEJDMTIQLJH-WKUHSSGJNA-N	420	True	True	0.904	0.978	0.919	8.00	1.00	1.939	12072.70
VZ0000099_PL_Neg	NEG	8260	PE 40:6	8.902	790.53979	629131	5857827	[M-H]-	C45H78NO8P	PE	XYYHNDVKALDFHQ-HSBBONCLNA-N	420	True	True	0.902	0.931	0.970	8.00	1.00	1.950	132.19
VZ0000099_PL_Neg	NEG	8292	PC 36:2	8.940	830.59198	9087255	109101773	[M+HCOO]-	C44H84NO8P	PC	SNKAWJBJQDLSFF-YEUCEMRANA-N	420	True	True	0.819	0.905	0.885	5.00	1.00	1.891	816.71
VZ0000099_PL_Neg	NEG	8338	PC 40:5	8.988	880.60767	2960754	26529137	[M+HCOO]-	C48H86NO8P	PC	MAAMGQXOTCBPFS-CYDMDVBXNA-N	420	True	True	0.849	0.949	0.920	7.00	1.00	1.922	531.09
VZ0000099_PL_Neg	NEG	8351	SM 66:6;O2|SM 42:4;O2/24:2	8.999	853.64471	1342808	13627432	[M+HCOO]-	C47H89N2O6P	SM	QQHPWMUBRSJWEO-GSUFZUHUNA-N	410	True	True	0.829	0.896	0.920	3.00	2.00	2.549	343.55
VZ0000099_PL_Neg	NEG	8437	PC O-58:7|PC O-38:4_20:3	9.056	840.61279	473647	4811519	[M+HCOO]-	C46H86NO7P	EtherPC	BHXWOKYZVJSVLR-ZMYGKXSHNA-N	410	True	True	0.883	0.982	0.885	4.00	2.00	2.564	57.90
VZ0000099_PL_Neg	NEG	8514	SM 54:0;O2|SM 36:0;O2/18:0	9.125	777.61316	1095198	9996235	[M+HCOO]-	C41H85N2O6P	SM	JCELSEVNSMXGKA-UHFFFAOYNA-N	410	True	True	0.917	0.969	0.920	3.00	2.00	2.584	289.38
VZ0000099_PL_Neg	NEG	8581	PC O-60:9|PC O-38:5_22:4	9.172	838.59686	471107	4710912	[M+HCOO]-	C46H84NO7P	EtherPC	DXWWZGSYACJKKM-LNJNMWSONA-N	410	True	True	0.848	0.938	0.894	5.00	2.00	2.551	155.85
VZ0000099_PL_Neg	NEG	8699	SM 66:6;O2|SM 42:4;O2/24:2	9.328	853.64423	376118	4387777	[M+HCOO]-	C47H89N2O6P	SM	QQHPWMUBRSJWEO-GSUFZUHUNA-N	410	True	True	0.919	0.969	0.920	3.00	2.00	2.585	79.90
VZ0000099_PL_Neg	NEG	8729	PC 38:3	9.350	856.60767	915128	11319724	[M+HCOO]-	C46H86NO8P	PC	KJDCENXZHMAYTN-FPIVKKIXNA-N	420	True	True	0.872	0.959	0.910	8.00	1.00	1.925	151.78
VZ0000099_PL_Neg	NEG	8864	PC O-48:1|PC O-32:1_16:0	9.463	762.56628	1166295	11943597	[M+HCOO]-	C40H80NO7P	EtherPC	BXQUYBIIGCTQFV-VLGSPTGONA-N	410	True	True	0.887	0.968	0.882	5.00	2.00	2.559	182.23
VZ0000099_PL_Neg	NEG	8890	SM 57:1;O2|SM 37:1;O2/20:0	9.497	789.61346	1027505	11189094	[M+HCOO]-	C42H85N2O6P	SM	ICPZABFQVIZEEL-LAPDZXRHNA-N	410	True	True	0.917	0.969	0.919	3.00	2.00	2.583	365.69
VZ0000099_PL_Neg	NEG	8922	PC 35:1	9.523	818.59247	475796	6435156	[M+HCOO]-	C43H84NO8P	PC	SXNXGNVZTLZDHE-XDOYNYLZNA-N	420	True	True	0.889	0.961	0.907	8.00	1.00	1.926	71.75
VZ0000099_PL_Neg	NEG	9074	PC O-60:8|PC O-38:4_22:4	9.601	840.61322	708564	7107785	[M+HCOO]-	C46H86NO7P	EtherPC	QAQLMTPGVRHDLS-SHJNOZFHNA-N	410	True	True	0.868	0.978	0.888	4.00	2.00	2.560	82.48
VZ0000099_PL_Neg	NEG	9101	PC O-62:12|PC O-40:6_22:6	9.635	864.61310	211713	2325481	[M+HCOO]-	C48H86NO7P	EtherPC	QBZALASVZLFAHF-RRHSVIFUNA-N	410	True	True	0.762	0.896	0.876	4.00	2.00	2.515	66.81
VZ0000099_PL_Neg	NEG	9127	PC O-52:3|PC O-34:2_18:1	9.740	788.58197	1627455	19003112	[M+HCOO]-	C42H82NO7P	EtherPC	WDQJCKHLEYAETE-MGXYOJEMNA-N	410	True	True	0.879	0.965	0.886	5.00	2.00	2.559	957.71
VZ0000099_PL_Neg	NEG	9167	PC O-62:9|PC O-40:5_22:4	9.820	866.62866	294123	3636686	[M+HCOO]-	C48H88NO7P	EtherPC	SJVIMEHEZSDCCE-BFAPQNTNNA-N	410	True	True	0.874	0.978	0.888	4.00	2.00	2.562	39.00
VZ0000099_PL_Neg	NEG	9187	PC O-48:0|PC O-32:0_16:0	9.842	764.58154	1370753	13790359	[M+HCOO]-	C40H82NO7P	EtherPC	WOTHHEHCEYHCFE-UHFFFAOYNA-N	410	True	True	0.880	0.975	0.880	4.00	2.00	2.559	166.58
VZ0000099_PL_Neg	NEG	9224	SM 64:4;O2|SM 41:3;O2/23:1	9.891	841.64435	507429	5781902	[M+HCOO]-	C46H89N2O6P	SM	ZETDYSCGGBPEMG-XCDRWYSCNA-N	410	True	True	0.904	0.959	0.932	4.00	2.00	2.585	132.45
VZ0000099_PL_Neg	NEG	9225	PC 40:5	9.891	880.60779	985443	10165050	[M+HCOO]-	C48H86NO8P	PC	MAAMGQXOTCBPFS-CYDMDVBXNA-N	420	True	True	0.916	0.959	0.973	9.00	1.00	1.961	177.82
VZ0000099_PL_Neg	NEG	9280	SM 60:2;O2|SM 39:2;O2/21:0	9.915	815.62848	454497	6041542	[M+HCOO]-	C44H87N2O6P	SM	QXCVFLVJXWFKCC-GHQHJQBONA-N	410	True	True	0.885	0.955	0.920	3.00	2.00	2.574	271.83
VZ0000099_PL_Neg	NEG	9281	PC 35:1	9.915	818.59222	1044646	14399126	[M+HCOO]-	C43H84NO8P	PC	SXNXGNVZTLZDHE-XDOYNYLZNA-N	420	True	True	0.842	0.933	0.910	8.00	1.00	1.912	44.35
VZ0000099_PL_Neg	NEG	9336	PC O-58:9|PC O-38:5_20:4	9.925	838.59711	1470777	14973762	[M+HCOO]-	C46H84NO7P	EtherPC	YPEVVVCDYBKGNI-BXHZXWGDNA-N	410	True	True	0.883	0.973	0.896	5.00	2.00	2.567	514.81
VZ0000099_PL_Neg	NEG	9343	PC 38:3	9.925	856.60773	10142184	103589484	[M+HCOO]-	C46H86NO8P	PC	LLUINWFQEIMZRU-JOIBFBEQNA-N	420	True	True	0.903	0.977	0.910	8.00	1.00	1.935	1247.60
VZ0000099_PL_Neg	NEG	9488	PC O-62:11|PC O-40:6_22:5	10.009	864.61316	193449	2137523	[M+HCOO]-	C48H86NO7P	EtherPC	ZCAILPAGIIBRNC-AVKDVOETNA-N	410	True	True	0.661	0.811	0.870	5.00	2.00	2.472	64.59
VZ0000099_PL_Neg	NEG	9530	PC O-50:1|PC O-34:1_16:0	10.049	790.59741	1869258	28543380	[M+HCOO]-	C42H84NO7P	EtherPC	IQLHTKSHLGLPMG-MRCUWXFGNA-N	410	True	True	0.852	0.954	0.878	4.00	2.00	2.548	390.25
VZ0000099_PL_Neg	NEG	9576	GM3 42:2;O2	10.094	1261.81714	260209	2836226	[M-H]-	C65H118N2O21	GM3	QBXWEYJMDTUZGQ-XUQDTYRNNA-N	420	True	True	0.850	0.912	0.924	3.00	1.00	1.915	86.64
VZ0000099_PL_Neg	NEG	9599	PC 39:4	10.162	868.60822	138821	1465292	[M+HCOO]-	C47H86NO8P	PC	QUWIPEXOTVGONJ-LGUFLKDENA-N	420	True	True	0.878	0.954	0.923	8.00	1.00	1.929	16.27
VZ0000099_PL_Neg	NEG	9603	GM3 40:1;O2	10.162	1235.80151	220516	2607979	[M-H]-	C63H116N2O21	GM3	HQNTUSQZXUHMNT-FCQUAONHNA-N	420	True	True	0.855	0.907	0.924	3.00	1.00	1.914	150.75
VZ0000099_PL_Neg	NEG	9627	PC 38:3	10.234	856.60864	797408	9302295	[M+HCOO]-	C46H86NO8P	PC	LLUINWFQEIMZRU-JOIBFBEQNA-N	420	True	True	0.894	0.971	0.906	8.00	1.00	1.928	95.32
VZ0000099_PL_Neg	NEG	9650	PC O-54:5|PC O-36:3_18:2	10.372	814.59735	665763	7048006	[M+HCOO]-	C44H84NO7P	EtherPC	MFZLAZYUXHHSIA-RWLIYIGXNA-N	410	True	True	0.878	0.965	0.886	5.00	2.00	2.559	348.71
VZ0000099_PL_Neg	NEG	9689	PC O-58:8|PC O-38:4_20:4	10.395	840.61304	2695965	28237869	[M+HCOO]-	C46H86NO7P	EtherPC	PTKWWHCMNOQBSL-WKUHSSGJNA-N	410	True	True	0.868	0.974	0.888	4.00	2.00	2.560	337.94
VZ0000099_PL_Neg	NEG	9777	PC 37:2	10.570	844.60846	287709	3323710	[M+HCOO]-	C45H86NO8P	PC	LOOVXTAPKGYHKO-IUFKAHDJNA-N	420	True	True	0.871	0.952	0.906	7.00	1.00	1.919	22.78
VZ0000099_PL_Neg	NEG	9785	GM3 42:2;O2	10.619	1261.81763	63588	767667	[M-H]-	C65H118N2O21	GM3	QBXWEYJMDTUZGQ-XUQDTYRNNA-N	420	True	True	0.866	0.906	0.925	3.00	1.00	1.916	25.08
VZ0000099_PL_Neg	NEG	9793	PE O-52:3|PE O-34:2_18:1	10.642	700.52972	353057	4384403	[M-H]-	C39H76NO7P	EtherPE	RFPQMVKZNQOUGY-KXYOHKLBNA-N	410	True	True	0.673	0.799	0.684	2.00	2.00	2.391	12.58
VZ0000099_PL_Neg	NEG	9837	PC 40:4	10.757	882.62317	950874	10147692	[M+HCOO]-	C48H88NO8P	PC	WUIUYHXOIXOMHN-SHJNOZFHNA-N	420	True	True	0.903	0.965	0.941	9.00	1.00	1.946	153.59
VZ0000099_PL_Neg	NEG	9883	PC 38:3	10.804	856.60760	405839	4621897	[M+HCOO]-	C46H86NO8P	PC	LLUINWFQEIMZRU-JOIBFBEQNA-N	420	True	True	0.867	0.962	0.906	7.00	1.00	1.922	70.29
VZ0000099_PL_Neg	NEG	9926	PC O-54:4|PC O-36:2_18:2	10.826	816.61267	561543	6415253	[M+HCOO]-	C44H86NO7P	EtherPC	LMGTVCKIUNTOEP-IUFKAHDJNA-N	410	True	True	0.866	0.969	0.881	4.00	2.00	2.556	66.84
VZ0000099_PL_Neg	NEG	9962	SM 64:3;O2|SM 40:2;O2/24:1	10.847	829.64429	5609198	63335196	[M+HCOO]-	C45H89N2O6P	SM	OZXWZOLZFGMHJI-DTCGLEGBNA-N	410	True	True	0.918	0.969	0.920	3.00	2.00	2.584	599.63
VZ0000099_PL_Neg	NEG	10026	SM 60:1;O2|SM 38:1;O2/22:0	10.891	803.62878	10445983	130273448	[M+HCOO]-	C43H87N2O6P	SM	XNBRFUCJENKXCT-JMUUFCRMNA-N	410	True	True	0.936	0.969	0.933	4.00	2.00	2.594	3722.65
VZ0000099_PL_Neg	NEG	10113	PE O-54:4|PE O-36:3_18:1	10.938	726.54468	318483	3948602	[M-H]-	C41H78NO7P	EtherPE	KTJAFMBXBPVGGI-LTEAFHAINA-N	410	True	True	0.759	0.882	0.683	2.00	2.00	2.429	63.78
VZ0000099_PL_Neg	NEG	10146	PC 34:0	10.960	806.59198	1116011	12258429	[M+HCOO]-	C42H84NO8P	PC	PZNPLUBHRSSFHT-UHFFFAOYNA-N	420	True	True	0.899	0.965	0.916	8.00	1.00	1.934	146.13
VZ0000099_PL_Neg	NEG	10212	PC O-58:7|PC O-38:4_20:3	11.134	840.61273	94964	1269723	[M+HCOO]-	C46H86NO7P	EtherPC	BHXWOKYZVJSVLR-ZMYGKXSHNA-N	410	True	True	0.861	0.949	0.888	5.00	2.00	2.553	10.23
VZ0000099_PL_Neg	NEG	10260	AcylGlcADG 44:6; AcylGlcADG 12:0-16:3-16:3; [M-H]-	11.224	913.61865	338028	4392656	[M-H]-	C53H86O12	AcylGlcADG	ZQAUVYGCDUBJBK-IIEKAORQNA-N	430	True	True	0.178	0.377	0.905	1.00	0.33	1.094	47.91
VZ0000099_PL_Neg	NEG	10347	SM 66:4;O2|SM 42:3;O2/24:1	11.267	855.65997	14459646	173808435	[M+HCOO]-	C47H91N2O6P	SM	BLBKGYQIQUVNRP-CLQBYUGCNA-N	410	True	True	0.919	0.969	0.921	3.00	2.00	2.585	5099.88
VZ0000099_PL_Neg	NEG	10423	PE O-54:5|PE O-36:3_18:2	11.323	726.54468	1332945	15017352	[M-H]-	C41H78NO7P	EtherPE	ZFMJJVQJMOVKIB-RQOIEFAZNA-N	410	True	True	0.757	0.893	0.682	2.00	2.00	2.431	264.91
VZ0000099_PL_Neg	NEG	10475	SM 62:2;O2|SM 40:2;O2/22:0	11.345	829.64441	9145011	112529449	[M+HCOO]-	C45H89N2O6P	SM	UCLWWTCDZKLHGY-INARCNGINA-N	410	True	True	0.930	0.969	0.937	4.00	2.00	2.594	1790.29
VZ0000099_PL_Neg	NEG	10640	GM3 41:1;O2	11.604	1249.81689	85194	1079346	[M-H]-	C64H118N2O21	GM3	ACRYMFGVGROESN-FCQUAONHNA-N	420	True	True	0.873	0.912	0.925	3.00	1.00	1.921	21.53
VZ0000099_PL_Neg	NEG	10651	PC 40:4	11.627	882.62372	138744	1656594	[M+HCOO]-	C48H88NO8P	PC	DDIJTWRVGORCFN-QXTOGSPWNA-N	420	True	True	0.867	0.971	0.900	5.00	1.00	1.921	39.41
VZ0000099_PL_Neg	NEG	10654	PC O-58:6|PC O-38:3_20:3	11.639	842.62915	164583	2259393	[M+HCOO]-	C46H88NO7P	EtherPC	WYIFXHMWDMCKKH-JOIBFBEQNA-N	410	True	True	0.875	0.977	0.885	4.00	2.00	2.559	9.48
VZ0000099_PL_Neg	NEG	10656	SM 66:5;O2|SM 42:3;O2/24:2	11.662	855.66083	840590	15205613	[M+HCOO]-	C47H91N2O6P	SM	SAFPQDBNJOKZOV-CBMSYKLZNA-N	410	True	True	0.917	0.969	0.920	3.00	2.00	2.583	280.49
VZ0000099_PL_Neg	NEG	10663	PC 38:2	11.721	858.62384	530972	6499560	[M+HCOO]-	C46H88NO8P	PC	ZQLPLCXRBVPKGP-DYMXKLMANA-N	420	True	True	0.896	0.963	0.929	9.00	1.00	1.938	83.01
VZ0000099_PL_Neg	NEG	10671	SM 62:2;O2|SM 40:2;O2/22:0	11.732	829.64490	263234	3482445	[M+HCOO]-	C45H89N2O6P	SM	UCLWWTCDZKLHGY-INARCNGINA-N	410	True	True	0.916	0.969	0.920	3.00	2.00	2.583	44.05
VZ0000099_PL_Neg	NEG	10689	SM 59:1;O2|SM 39:1;O2/20:0	11.826	817.64551	86933	1421175	[M+HCOO]-	C44H89N2O6P	SM	JZLHFUHATYARJO-MHAUTQJVNA-N	410	True	True	0.908	0.969	0.920	3.00	2.00	2.580	38.28
VZ0000099_PL_Neg	NEG	10692	SM 68:2;O2	11.886	843.66046	54255	738318	[M+HCOO]-	C46H91N2O6P	SM	CMFBHPBTIPJQCF-BOWZUKSANA-N	420	True	True	0.875	0.942	0.918	2.00	1.00	1.925	33.54
VZ0000099_PL_Neg	NEG	10697	SM 64:2;O2|SM 40:1;O2/24:1	11.957	831.66095	213824	2906979	[M+HCOO]-	C45H91N2O6P	SM	VACOKMDXYQOYCD-VHXPQNKSNA-N	410	True	True	0.897	0.961	0.920	3.00	2.00	2.576	42.75
VZ0000099_PL_Neg	NEG	10708	PC O-62:9|PC O-40:5_22:4	12.003	866.62842	45152	516425	[M+HCOO]-	C48H88NO7P	EtherPC	SJVIMEHEZSDCCE-BFAPQNTNNA-N	410	True	True	0.847	0.937	0.896	5.00	2.00	2.552	6.35
VZ0000099_PL_Neg	NEG	10711	SM 58:0;O2|SM 38:0;O2/20:0	12.014	805.64484	262897	3351812	[M+HCOO]-	C43H89N2O6P	SM	UGRZESKDAPEULH-UHFFFAOYNA-N	410	True	True	0.907	0.969	0.920	3.00	2.00	2.581	23.52
VZ0000099_PL_Neg	NEG	10724	PC 38:2	12.085	858.62415	221337	2912676	[M+HCOO]-	C46H88NO8P	PC	KXXLFCAPKGRXBT-BKJOTANUNA-N	420	True	True	0.862	0.953	0.905	7.00	1.00	1.917	39.06
VZ0000099_PL_Neg	NEG	10726	PE O-58:7|PE O-38:4_20:3	12.109	752.56104	157897	1924447	[M-H]-	C43H80NO7P	EtherPE	HQFUXXUGGNZWBH-MURDYDGNNA-N	410	True	True	0.766	0.910	0.692	2.00	2.00	2.438	6.77
VZ0000099_PL_Neg	NEG	10736	SM 62:2;O2|SM 40:2;O2/22:0	12.132	829.64520	57756	902629	[M+HCOO]-	C45H89N2O6P	SM	UCLWWTCDZKLHGY-INARCNGINA-N	410	True	True	0.888	0.964	0.920	3.00	2.00	2.576	4.42
VZ0000099_PL_Neg	NEG	10750	HexCer-NS d38:1; HexCer-NS d16:1/22:0; [M+FA-H]-	12.237	800.62671	91033	1261054	[M+HCOO]-	C44H85NO8	GlcCer_NS	IRYUYISTIPWPQG-QOSDPKFLNA-N	430	True	True	0.718	0.881	0.971	6.00	0.86	1.809	70.62
VZ0000099_PL_Neg	NEG	10763	SM 67:5;O2|SM 43:3;O2/24:2	12.306	869.67578	109717	1453239	[M+HCOO]-	C48H93N2O6P	SM	ORJJHIMATMVFDD-WTNYDWNINA-N	410	True	True	0.896	0.960	0.921	3.00	2.00	2.578	14.17
VZ0000099_PL_Neg	NEG	10828	SM 65:3;O2|SM 41:2;O2/24:1	12.374	843.66016	2554586	31418458	[M+HCOO]-	C46H91N2O6P	SM	MBAHHBLKGZXGQB-WCBWETCJNA-N	410	True	True	0.918	0.969	0.920	3.00	2.00	2.584	1597.21
VZ0000099_PL_Neg	NEG	10906	SM 62:1;O2|SM 39:1;O2/23:0	12.474	817.64435	3171978	43101510	[M+HCOO]-	C44H89N2O6P	SM	DZDNLWWCTCDASI-MHAUTQJVNA-N	410	True	True	0.920	0.969	0.920	3.00	2.00	2.585	570.79
VZ0000099_PL_Neg	NEG	10932	SM 66:4;O2|SM 42:2;O2/24:2	12.485	857.67566	248212	3327681	[M+HCOO]-	C47H93N2O6P	SM	CBFKTCFPFQDTSC-UDJAPEQQNA-N	410	True	True	0.922	0.969	0.920	3.00	2.00	2.585	42.61
VZ0000099_PL_Neg	NEG	10997	PC O-62:8|PC O-40:4_22:4	12.553	868.64386	116947	1508059	[M+HCOO]-	C48H90NO7P	EtherPC	CVUOILXZRKGCTJ-XXXLRELONA-N	410	True	True	0.840	0.958	0.888	4.00	2.00	2.551	9.69
VZ0000099_PL_Neg	NEG	11024	PC O-54:3|PC O-36:2_18:1	12.701	816.61334	161516	2456941	[M+HCOO]-	C44H86NO7P	EtherPC	SLADRSJRKVHHAA-YEUCEMRANA-N	410	True	True	0.890	0.911	0.950	6.00	2.00	2.577	44.72
VZ0000099_PL_Neg	NEG	11034	SM 68:4;O2|SM 43:3;O2/25:1	12.826	869.67578	122028	1871241	[M+HCOO]-	C48H93N2O6P	SM	RJQFNSZZVDCZTA-VXWLXCDZNA-N	410	True	True	0.922	0.969	0.920	3.00	2.00	2.585	73.13
VZ0000099_PL_Neg	NEG	11039	PC O-50:0|PC O-34:0_16:0	12.873	792.61285	118514	1459620	[M+HCOO]-	C42H86NO7P	EtherPC	GTFLTTXDLGEBAI-UHFFFAOYNA-N	410	True	True	0.867	0.970	0.877	4.00	2.00	2.554	11.63
VZ0000099_PL_Neg	NEG	11091	SM 64:2;O2|SM 41:2;O2/23:0	12.974	843.65991	3262089	41685652	[M+HCOO]-	C46H91N2O6P	SM	PENYJGUXTJATDH-NBGJCBSLNA-N	410	True	True	0.929	0.969	0.935	4.00	2.00	2.593	2026.91
VZ0000099_PL_Neg	NEG	11153	GM3 42:1;O2	13.165	1263.83240	142754	1999904	[M-H]-	C65H120N2O21	GM3	VLJMMIFJAUFREY-FCQUAONHNA-N	420	True	True	0.855	0.906	0.925	3.00	1.00	1.915	49.91
VZ0000099_PL_Neg	NEG	11162	PC O-54:2|PC O-36:1_18:1	13.281	818.62878	127445	1734619	[M+HCOO]-	C44H88NO7P	EtherPC	JDBBQTCNJFZWPL-LNVKXUELNA-N	410	True	True	0.878	0.974	0.879	4.00	2.00	2.558	4.89
VZ0000099_PL_Neg	NEG	11181	SM 64:2;O2|SM 41:2;O2/23:0	13.416	843.66003	209456	2217417	[M+HCOO]-	C46H91N2O6P	SM	PENYJGUXTJATDH-NBGJCBSLNA-N	410	True	True	0.911	0.958	0.940	4.00	2.00	2.589	80.62
VZ0000099_PL_Neg	NEG	11224	SM 66:3;O2|SM 42:2;O2/24:1	13.471	857.67560	1749852	11832754	[M+HCOO]-	C47H93N2O6P	SM	SUTDVWUQTJGTCQ-IMMYYDDQNA-N	410	True	True	0.920	0.969	0.921	3.00	2.00	2.585	310.48
VZ0000099_PL_Neg	NEG	11256	SM 62:1;O2|SM 40:1;O2/22:0	13.515	831.66010	1180635	7758901	[M+HCOO]-	C45H91N2O6P	SM	FJJANLYCZUNFSE-BSKJHSHCNA-N	410	True	True	0.908	0.969	0.920	3.00	2.00	2.582	199.49
VZ0000099_PL_Neg	NEG	11274	SM 64:0;O2	13.537	819.66028	249266	1494799	[M+HCOO]-	C44H91N2O6P	SM	BQRZETCZQZIORJ-UHFFFAOYNA-N	420	True	True	0.906	0.963	0.918	2.00	1.00	1.937	99.59
VZ0000099_PL_Neg	NEG	11304	PE O-54:3|PE O-36:2_18:1	13.592	728.56036	1274572	6941568	[M-H]-	C41H80NO7P	EtherPE	GHNXVMPBTBKJRP-CLFAGFIQNA-N	410	True	True	0.917	0.921	0.950	3.00	2.00	2.586	210.11
VZ0000099_PL_Neg	NEG	11337	AcylGlcADG 44:5; AcylGlcADG 14:1-14:1-16:3; [M-H]-	13.613	915.63385	720139	3882791	[M-H]-	C53H88O12	AcylGlcADG	JKHQDFQKWJGBOH-HDXHJJOFNA-N	430	True	True	0.263	0.507	0.902	1.00	0.33	1.146	61.04
VZ0000099_PL_Neg	NEG	11397	SM 66:3;O2|SM 42:2;O2/24:1	13.646	857.67535	60136725	351961474	[M+HCOO]-	C47H93N2O6P	SM	SUTDVWUQTJGTCQ-IMMYYDDQNA-N	410	True	True	0.922	0.969	0.920	3.00	2.00	2.585	10583.33
VZ0000099_PL_Neg	NEG	11465	SM 62:1;O2|SM 40:1;O2/22:0	13.698	831.65979	52299831	315705569	[M+HCOO]-	C45H91N2O6P	SM	FJJANLYCZUNFSE-BSKJHSHCNA-N	410	True	True	0.919	0.969	0.920	3.00	2.00	2.585	3249.42
VZ0000099_PL_Neg	NEG	11618	SM 70:4;O2|SM 44:3;O2/26:1	13.786	883.69116	800886	5041681	[M+HCOO]-	C49H95N2O6P	SM	BHQZOKHHTUEBBT-MPVKJZIJNA-N	410	True	True	0.904	0.968	0.920	3.00	2.00	2.581	299.48
VZ0000099_PL_Neg	NEG	11678	SM 66:2;O2|SM 42:2;O2/24:0	13.830	857.67572	38739092	210102717	[M+HCOO]-	C47H93N2O6P	SM	NNJDQABSYHSWLL-MFZOHDJKNA-N	410	True	True	0.925	0.969	0.920	3.00	2.00	2.586	6893.31
VZ0000099_PL_Neg	NEG	11735	AcylGlcADG 44:5; AcylGlcADG 14:1-14:1-16:3; [M-H]-	13.839	915.63361	1052315	7501292	[M-H]-	C53H88O12	AcylGlcADG	JKHQDFQKWJGBOH-HDXHJJOFNA-N	430	True	True	0.271	0.518	0.902	1.00	0.33	1.154	95.96
VZ0000099_PL_Neg	NEG	11821	SM 67:3;O2|SM 43:2;O2/24:1	13.924	871.69128	7139903	33940460	[M+HCOO]-	C48H95N2O6P	SM	IJAYJXRHIVTBSC-CQKYAMJZNA-N	410	True	True	0.916	0.969	0.921	3.00	2.00	2.584	5420.30
VZ0000099_PL_Neg	NEG	11956	SM 62:0;O2|SM 40:0;O2/22:0	13.989	833.67590	3130489	14943949	[M+HCOO]-	C45H93N2O6P	SM	FONAXCRWZQFJHY-UHFFFAOYNA-N	410	True	True	0.916	0.968	0.920	3.00	2.00	2.583	617.54
VZ0000099_PL_Neg	NEG	11977	HexCer-NS d42:2; HexCer-NS d18:1/24:1; [M+FA-H]-	13.997	854.67291	3519083	15728693	[M+HCOO]-	C48H91NO8	GlcCer_NS	PBAGXITYDFFJEO-DBOQMASJNA-N	430	True	True	0.774	0.915	0.977	6.00	0.86	1.832	905.46
VZ0000099_PL_Neg	NEG	12020	HexCer-NS d40:1; HexCer-NS d18:1/22:0; [M+FA-H]-	14.018	828.65759	4178742	19923447	[M+HCOO]-	C46H89NO8	GlcCer_NS	YIGARKIIFOHVPF-LAPDZXRHNA-N	430	True	True	0.752	0.912	0.978	6.00	0.86	1.826	531.24
VZ0000099_PL_Neg	NEG	12058	SM 68:3;O2|SM 43:2;O2/25:1	14.048	871.69104	1800733	8448885	[M+HCOO]-	C48H95N2O6P	SM	PUPRMEGREMBBOX-CQKYAMJZNA-N	410	True	True	0.910	0.963	0.921	3.00	2.00	2.582	1141.51
VZ0000099_PL_Neg	NEG	12128	SM 64:1;O2|SM 41:1;O2/23:0	14.080	845.67554	43598215	212604301	[M+HCOO]-	C46H93N2O6P	SM	SXZWBNWTCVLZJN-NHFVQZBWNA-N	410	True	True	0.933	0.969	0.936	4.00	2.00	2.594	14588.14
VZ0000099_PL_Neg	NEG	12204	HexCer-NS d42:2; HexCer-NS d18:2/24:0; [M+FA-H]-	14.117	854.67291	926656	4517614	[M+HCOO]-	C48H91NO8	GlcCer_NS	RVHBZEQSKCGIES-GHQHJQBONA-N	430	True	True	0.699	0.857	0.977	6.00	0.86	1.803	236.81
VZ0000099_PL_Neg	NEG	12244	SM 68:2;O2|SM 43:2;O2/25:0	14.174	871.69147	1095383	5791168	[M+HCOO]-	C48H95N2O6P	SM	DUTPZFSAQMYNDC-AVKVGXGONA-N	410	True	True	0.914	0.964	0.920	3.00	2.00	2.582	213.58
VZ0000099_PL_Neg	NEG	12422	Cer 62:0;O3	14.291	684.61517	349280	1685430	[M+HCOO]-	C40H81NO4	Cer_NP	CIMNZQFRNXDRER-UHFFFAOYNA-N	420	True	True	0.744	0.773	0.934	12.00	1.00	1.868	174.89
VZ0000099_PL_Neg	NEG	12460	SM 64:0;O2|SM 41:0;O2/23:0	14.314	847.69141	798544	3613973	[M+HCOO]-	C46H95N2O6P	SM	CRPAVAKPGRALOU-UHFFFAOYNA-N	410	True	True	0.907	0.961	0.920	3.00	2.00	2.580	341.56
VZ0000099_PL_Neg	NEG	12497	HexCer-NS d41:1; HexCer-NS d18:1/23:0; [M+FA-H]-	14.335	842.67303	2407130	10734271	[M+HCOO]-	C47H91NO8	GlcCer_NS	SJGWLQDELUWRDA-JMUUFCRMNA-N	430	True	True	0.757	0.909	0.976	6.00	0.86	1.826	335.47
VZ0000099_PL_Neg	NEG	12500	SM 70:3;O2|SM 44:2;O2/26:1	14.335	885.70709	902336	4020556	[M+HCOO]-	C49H97N2O6P	SM	COJKBLRMUQCLEJ-LYGVRWTHNA-N	410	True	True	0.922	0.964	0.933	4.00	2.00	2.590	630.68
VZ0000099_PL_Neg	NEG	12556	SM 66:1;O2|SM 42:1;O2/24:0	14.379	859.69122	63374566	318600095	[M+HCOO]-	C47H95N2O6P	SM	QEDPUVGSSDPBMD-OGSMZCTINA-N	410	True	True	0.924	0.969	0.921	3.00	2.00	2.586	14210.55
VZ0000099_PL_Neg	NEG	12726	SM 70:2;O2|SM 44:2;O2/26:0	14.461	885.70709	472896	2435165	[M+HCOO]-	C49H97N2O6P	SM	SPCYSRNERQUGKU-KBYGSKCXNA-N	410	True	True	0.898	0.939	0.938	4.00	2.00	2.581	365.23
VZ0000099_PL_Neg	NEG	12836	SM 67:1;O2|SM 43:1;O2/24:0	14.545	873.70691	4227677	19287452	[M+HCOO]-	C48H97N2O6P	SM	DEAHJYCNYIJKGM-OHYVAXEENA-N	410	True	True	0.916	0.969	0.921	3.00	2.00	2.584	1586.55
VZ0000099_PL_Neg	NEG	12925	SM 66:0;O2|SM 42:0;O2/24:0	14.583	861.70703	1005278	4534807	[M+HCOO]-	C47H97N2O6P	SM	SMJLGESYPKPRNU-UHFFFAOYNA-N	410	True	True	0.901	0.969	0.921	3.00	2.00	2.581	479.50
VZ0000099_PL_Neg	NEG	12982	HexCer-NS d42:1; HexCer-NS d18:1/24:0; [M+FA-H]-	14.604	856.68860	6382370	27899114	[M+HCOO]-	C48H93NO8	GlcCer_NS	POQRWMRXUOPCLD-MHAUTQJVNA-N	430	True	True	0.774	0.915	0.978	6.00	0.86	1.832	790.38
VZ0000099_PL_Neg	NEG	13036	SM 68:1;O2|SM 43:1;O2/25:0	14.649	873.70685	1870364	7787003	[M+HCOO]-	C48H97N2O6P	SM	JONXXLXMISNQNG-OHYVAXEENA-N	410	True	True	0.904	0.960	0.921	3.00	2.00	2.580	838.76
VZ0000099_PL_Neg	NEG	13094	HexCer-NS d50:5; HexCer-NS d26:3/24:2; [M+FA-H]-	14.720	960.74286	762797	3115743	[M+HCOO]-	C56H101NO8	GlcCer_NS	LOLHRQXHVRVNCN-AATDSHIKNA-N	430	True	True	0.058	0.830	0.107	2.00	0.33	0.908	792.99
VZ0000099_PL_Neg	NEG	13253	Cer 66:0;O3	14.837	712.64673	733754	3451011	[M+HCOO]-	C42H85NO4	Cer_NP	ZESJDNWGTANZCC-UHFFFAOYNA-N	420	True	True	0.908	0.942	0.951	12.00	1.00	1.946	460.17
VZ0000099_PL_Neg	NEG	13302	Cer 66:1;O3	14.865	710.63092	510326	2449814	[M+HCOO]-	C42H83NO4	Cer_AS	WAYLDHLWVYQNSQ-JMUUFCRMNA-N	420	True	True	0.796	0.918	0.939	12.00	1.00	1.912	770.27
VZ0000099_PL_Neg	NEG	13312	SM 70:1;O2|SM 44:1;O2/26:0	14.884	887.72284	429831	2450748	[M+HCOO]-	C49H99N2O6P	SM	VRAWSAPVSSLIRI-MZBAEZDSNA-N	410	True	True	0.897	0.952	0.938	4.00	2.00	2.584	403.95
VZ0000099_PL_Neg	NEG	13445	HexCer-NS d51:5; HexCer-NS d23:3/28:2; [M+Hac-H]-	15.080	988.77393	1362849	5876257	[M+CH3COO]-	C57H103NO8	GlcCer_NS	MBYWYFDODCKKBY-PUBYDEPONA-N	430	True	True	0.057	0.833	0.087	2.00	0.29	0.869	212.66
VZ0000099_PL_Neg	NEG	13556	HexCer-AP t51:3; HexCer-AP t30:2/21:1; [M-H]-	15.147	964.77460	492728	2482900	[M-H]-	C57H107NO10	GlcCer_AP	WRPADCLJBHRBCI-CYMOUDAJNA-N	430	True	True	0.387	0.810	0.804	1.00	0.14	1.156	442.92
VZ0000099_PL_Neg	NEG	13584	HexCer-AP t53:4; HexCer-AP t29:2/24:2; [M-H]-	15.193	990.79028	247735	1757350	[M-H]-	C59H109NO10	GlcCer_AP	MASWZTMEFGXFPO-GXGNBTDWNA-N	430	True	True	0.386	0.806	0.796	1.00	0.14	1.153	170.20
VZ0000099_PL_Neg	NEG	13666	HexCer-NS d53:5; HexCer-NS d29:3/24:2; [M+Hac-H]-	15.295	1016.80591	205448	1120979	[M+CH3COO]-	C59H107NO8	GlcCer_NS	PWVNTJOPDNNHSI-WVLKIGIMNA-N	430	True	True	0.071	0.837	0.127	2.00	0.29	0.899	92.61
VZ0000099_PL_Neg	NEG	13721	HexCer-NS d54:5; HexCer-NS d28:3/26:2; [M+FA-H]-	15.399	1016.80548	436271	1902576	[M+HCOO]-	C60H109NO8	GlcCer_NS	MBHVUUICXBRKJC-YXDIWRDNNA-N	430	True	True	0.075	0.848	0.132	2.00	0.33	0.931	267.03
VZ0000099_PL_Neg	NEG	13736	HexCer-AP t51:2; HexCer-AP t30:1/21:1; [M-H]-	15.422	966.78973	184434	796144	[M-H]-	C57H109NO10	GlcCer_AP	LRWVSDHTWIPKBX-UDNOFWMFNA-N	430	True	True	0.386	0.808	0.805	1.00	0.14	1.150	204.25
VZ0000099_PL_Neg	NEG	13747	HexCer-AP t53:3; HexCer-AP t30:2/23:1; [M-H]-	15.468	992.80585	213753	1115519	[M-H]-	C59H111NO10	GlcCer_AP	ZLQSGALGPRSTDL-JVCSLWRPNA-N	430	True	True	0.379	0.783	0.800	1.00	0.14	1.147	107.17
VZ0000099_PL_Neg	NEG	13938	AcylGlcADG 58:3; AcylGlcADG 18:1-18:2-22:0; [M-H]-	15.940	1115.85059	160433	748981	[M-H]-	C67H120O12	AcylGlcADG	BUEQSVKJRULSCQ-ZDVOTFCLNA-N	430	True	True	0.745	0.887	0.898	3.00	0.75	1.549	160432.80
VZ0000099_PL_Neg	NEG	14091	AcylGlcADG 58:2; AcylGlcADG 18:1-18:1-22:0; [M-H]-	16.173	1117.86572	518469	2470180	[M-H]-	C67H122O12	AcylGlcADG	TXDPCXQKRGGEOJ-VBZQPFBYNA-N	430	True	True	0.668	0.835	0.908	2.00	0.67	1.466	377.53
VZ0000099_PL_Neg	NEG	14175	AcylGlcADG 54:2; AcylGlcADG 18:0-18:1-18:1; [M-H]-	16.307	1061.83838	143759	1255660	[M-H]-	C63H114O12	AcylGlcADG	AYHVZFXLPJYTHO-CDAVXRBQNA-N	430	True	True	0.639	0.742	0.933	3.00	1.00	1.733	18.90
VZ0000099_PL_Neg	NEG	14252	AcylGlcADG 58:1; AcylGlcADG 18:1-20:0-20:0; [M-H]-	16.396	1119.88159	672591	3333148	[M-H]-	C67H124O12	AcylGlcADG	LABPQXHBGDVODU-MXNGAVTRNA-N	430	True	True	0.699	0.809	0.880	2.00	0.67	1.459	161.40
VZ0000099_PL_Neg	NEG	14267	AcylGlcADG 56:0; AcylGlcADG 16:0-18:0-22:0; [M-H]-	16.407	1093.86646	184358	841433	[M-H]-	C65H122O12	AcylGlcADG	USJLFISUDSQKBW-UHFFFAOYNA-N	430	True	True	0.673	0.844	0.899	3.00	0.75	1.523	40.94
VZ0000099_PL_Neg	NEG	14346	AcylGlcADG 56:2; AcylGlcADG 18:0-18:1-20:1; [M-H]-	16.541	1089.87048	547226	2894622	[M-H]-	C65H118O12	AcylGlcADG	KTHAMYSJKFQYSD-LBJSJSAUNA-N	430	True	True	0.743	0.917	0.884	4.00	1.00	1.767	547226.00
VZ0000099_PL_Neg	NEG	14382	AcylGlcADG 54:1; AcylGlcADG 18:0-18:0-18:1; [M-H]-	16.563	1063.85522	179736	886835	[M-H]-	C63H116O12	AcylGlcADG	YPMDMUQPVXTZGO-IKPAITLHNA-N	430	True	True	0.620	0.765	0.951	3.00	1.00	1.726	179736.40
VZ0000099_PL_Neg	NEG	14955	SM 70:2;O2	19.272	857.67554	66328	451733	[M+HCOO]-	C47H93N2O6P	SM	PKIKDCXYPZXCJK-XJCNIFQPNA-N	420	True	True	0.676	0.731	0.918	2.00	1.00	1.838	11.83
